Handle,Title,Body (HTML),Vendor,Type,Tags,Published,Option1 Name,Option1 Value,Variant SKU,Variant Inventory Tracker,Variant Inventory Qty,Variant Inventory Policy,Variant Fulfillment Service,Variant Price,Variant Compare At Price,Variant Requires Shipping,Variant Taxable,Image Src,Image Position,Image Alt Text,Variant Image,Status
women-zari-embroidered-georgette-saree-scalloped-border,Women Zari Embroidered Georgette Saree with Scalloped Border & Matching Blouse,"<p>Festive georgette saree covered in fine zari chain lines running on the diagonal, with sequin-filled flower motifs scattered between them. The pallu and hem are finished with a broad scalloped embroidered border in gold, and a matching embroidered blouse piece comes with it. Soft, easy to pleat and light enough to carry through a long function. Made for weddings, sangeet, festive pujas and receptions.</p>",HyraLuxe,Sarees,"Sarees, Georgette, Festive, Party, Migrated",TRUE,Colour,Bottle Green,HF-ZEB-01-BOTTLEGREEN,shopify,2,deny,manual,1299.00,,TRUE,TRUE,https://pub-1c439aae24bd4239bd4c425d68d03bfc.r2.dev/products/women-zari-embroidered-georgette-saree-scalloped-border/bottle-green-01-1-505974.jpg,1,Women Zari Embroidered Georgette Saree with Scalloped Border & Matching Blouse,https://pub-1c439aae24bd4239bd4c425d68d03bfc.r2.dev/products/women-zari-embroidered-georgette-saree-scalloped-border/bottle-green-01-1-505974.jpg,active
women-zari-embroidered-georgette-saree-scalloped-border,,,,,,,,Maroon,HF-ZEB-01-MAROON,shopify,2,deny,manual,1299.00,,TRUE,TRUE,,,,https://pub-1c439aae24bd4239bd4c425d68d03bfc.r2.dev/products/women-zari-embroidered-georgette-saree-scalloped-border/maroon-01-9-4f2ee3.jpg,
women-zari-embroidered-georgette-saree-scalloped-border,,,,,,,,Mustard Yellow,HF-ZEB-01-MUSTARDYELLOW,shopify,2,deny,manual,1299.00,,TRUE,TRUE,,,,https://pub-1c439aae24bd4239bd4c425d68d03bfc.r2.dev/products/women-zari-embroidered-georgette-saree-scalloped-border/mustard-yellow-01-7-e7babf.jpg,
women-zari-embroidered-georgette-saree-scalloped-border,,,,,,,,Peacock Blue,HF-ZEB-01-PEACOCKBLUE,shopify,2,deny,manual,1299.00,,TRUE,TRUE,,,,https://pub-1c439aae24bd4239bd4c425d68d03bfc.r2.dev/products/women-zari-embroidered-georgette-saree-scalloped-border/peacock-blue-01-4-98e0ed.jpg,
women-zari-embroidered-georgette-saree-scalloped-border,,,,,,,,Red,HF-ZEB-01-RED,shopify,2,deny,manual,1299.00,,TRUE,TRUE,,,,https://pub-1c439aae24bd4239bd4c425d68d03bfc.r2.dev/products/women-zari-embroidered-georgette-saree-scalloped-border/red-01-3-f9d960.jpg,
women-zari-embroidered-georgette-saree-scalloped-border,,,,,,,,Teal Green,HF-ZEB-01-TEALGREEN,shopify,2,deny,manual,1299.00,,TRUE,TRUE,,,,https://pub-1c439aae24bd4239bd4c425d68d03bfc.r2.dev/products/women-zari-embroidered-georgette-saree-scalloped-border/teal-green-01-12-8c2aac.jpg,
women-zari-embroidered-georgette-saree-scalloped-border,,,,,,,,,,,,,,,,,,https://pub-1c439aae24bd4239bd4c425d68d03bfc.r2.dev/products/women-zari-embroidered-georgette-saree-scalloped-border/bottle-green-02-6-196c3c.jpg,2,Women Zari Embroidered Georgette Saree with Scalloped Border & Matching Blouse,,
women-zari-embroidered-georgette-saree-scalloped-border,,,,,,,,,,,,,,,,,,https://pub-1c439aae24bd4239bd4c425d68d03bfc.r2.dev/products/women-zari-embroidered-georgette-saree-scalloped-border/maroon-01-9-4f2ee3.jpg,3,Women Zari Embroidered Georgette Saree with Scalloped Border & Matching Blouse,,
women-zari-embroidered-georgette-saree-scalloped-border,,,,,,,,,,,,,,,,,,https://pub-1c439aae24bd4239bd4c425d68d03bfc.r2.dev/products/women-zari-embroidered-georgette-saree-scalloped-border/maroon-02-10-b33c50.jpg,4,Women Zari Embroidered Georgette Saree with Scalloped Border & Matching Blouse,,
women-zari-embroidered-georgette-saree-scalloped-border,,,,,,,,,,,,,,,,,,https://pub-1c439aae24bd4239bd4c425d68d03bfc.r2.dev/products/women-zari-embroidered-georgette-saree-scalloped-border/mustard-yellow-01-7-e7babf.jpg,5,Women Zari Embroidered Georgette Saree with Scalloped Border & Matching Blouse,,
women-zari-embroidered-georgette-saree-scalloped-border,,,,,,,,,,,,,,,,,,https://pub-1c439aae24bd4239bd4c425d68d03bfc.r2.dev/products/women-zari-embroidered-georgette-saree-scalloped-border/mustard-yellow-02-8-c644d9.jpg,6,Women Zari Embroidered Georgette Saree with Scalloped Border & Matching Blouse,,
women-zari-embroidered-georgette-saree-scalloped-border,,,,,,,,,,,,,,,,,,https://pub-1c439aae24bd4239bd4c425d68d03bfc.r2.dev/products/women-zari-embroidered-georgette-saree-scalloped-border/peacock-blue-01-4-98e0ed.jpg,7,Women Zari Embroidered Georgette Saree with Scalloped Border & Matching Blouse,,
women-zari-embroidered-georgette-saree-scalloped-border,,,,,,,,,,,,,,,,,,https://pub-1c439aae24bd4239bd4c425d68d03bfc.r2.dev/products/women-zari-embroidered-georgette-saree-scalloped-border/peacock-blue-02-5-82f022.jpg,8,Women Zari Embroidered Georgette Saree with Scalloped Border & Matching Blouse,,
women-zari-embroidered-georgette-saree-scalloped-border,,,,,,,,,,,,,,,,,,https://pub-1c439aae24bd4239bd4c425d68d03bfc.r2.dev/products/women-zari-embroidered-georgette-saree-scalloped-border/red-01-3-f9d960.jpg,9,Women Zari Embroidered Georgette Saree with Scalloped Border & Matching Blouse,,
women-zari-embroidered-georgette-saree-scalloped-border,,,,,,,,,,,,,,,,,,https://pub-1c439aae24bd4239bd4c425d68d03bfc.r2.dev/products/women-zari-embroidered-georgette-saree-scalloped-border/red-02-2-ab7a59.jpg,10,Women Zari Embroidered Georgette Saree with Scalloped Border & Matching Blouse,,
women-zari-embroidered-georgette-saree-scalloped-border,,,,,,,,,,,,,,,,,,https://pub-1c439aae24bd4239bd4c425d68d03bfc.r2.dev/products/women-zari-embroidered-georgette-saree-scalloped-border/teal-green-01-12-8c2aac.jpg,11,Women Zari Embroidered Georgette Saree with Scalloped Border & Matching Blouse,,
women-zari-embroidered-georgette-saree-scalloped-border,,,,,,,,,,,,,,,,,,https://pub-1c439aae24bd4239bd4c425d68d03bfc.r2.dev/products/women-zari-embroidered-georgette-saree-scalloped-border/teal-green-02-11-6ded87.jpg,12,Women Zari Embroidered Georgette Saree with Scalloped Border & Matching Blouse,,
women-floral-printed-organza-saree-scalloped-border,Women Floral Printed Organza Saree with Scalloped Embroidered Border,"<p>Lightweight organza saree in a soft tissue finish, digitally printed with a painterly floral garden that gathers into a bold bouquet pallu over a zig-zag band. The border is finished with fine scalloped cutwork embroidery and sequin detailing on all four sides. Comes with a matching unstitched blouse piece. Airy, easy to carry all evening and beautifully sheer in the light. Made for day functions, mehendi, receptions and festive get-togethers.</p>",HyraLuxe,Sarees,"Sarees, Organza (tissue finish), Festive, Party, Migrated",TRUE,Colour,Ivory,HF-ORG-01-IVORY,shopify,2,deny,manual,1999.00,,TRUE,TRUE,https://pub-1c439aae24bd4239bd4c425d68d03bfc.r2.dev/products/women-floral-printed-organza-saree-scalloped-border/ivory-01-13-46597f.jpg,1,Women Floral Printed Organza Saree with Scalloped Embroidered Border,https://pub-1c439aae24bd4239bd4c425d68d03bfc.r2.dev/products/women-floral-printed-organza-saree-scalloped-border/ivory-01-13-46597f.jpg,active
women-floral-printed-organza-saree-scalloped-border,,,,,,,,Lilac,HF-ORG-01-LILAC,shopify,2,deny,manual,1999.00,,TRUE,TRUE,,,,https://pub-1c439aae24bd4239bd4c425d68d03bfc.r2.dev/products/women-floral-printed-organza-saree-scalloped-border/lilac-01-1-06c065.jpg,
women-floral-printed-organza-saree-scalloped-border,,,,,,,,Mint Green,HF-ORG-01-MINTGREEN,shopify,2,deny,manual,1999.00,,TRUE,TRUE,,,,https://pub-1c439aae24bd4239bd4c425d68d03bfc.r2.dev/products/women-floral-printed-organza-saree-scalloped-border/mint-green-01-7-b6131a.jpg,
women-floral-printed-organza-saree-scalloped-border,,,,,,,,Peach,HF-ORG-01-PEACH,shopify,2,deny,manual,1999.00,,TRUE,TRUE,,,,https://pub-1c439aae24bd4239bd4c425d68d03bfc.r2.dev/products/women-floral-printed-organza-saree-scalloped-border/peach-01-10-dd58d9.jpg,
women-floral-printed-organza-saree-scalloped-border,,,,,,,,Pista Green,HF-ORG-01-PISTAGREEN,shopify,2,deny,manual,1999.00,,TRUE,TRUE,,,,https://pub-1c439aae24bd4239bd4c425d68d03bfc.r2.dev/products/women-floral-printed-organza-saree-scalloped-border/pista-green-01-4-d10ace.jpg,
women-floral-printed-organza-saree-scalloped-border,,,,,,,,,,,,,,,,,,https://pub-1c439aae24bd4239bd4c425d68d03bfc.r2.dev/products/women-floral-printed-organza-saree-scalloped-border/ivory-02-14-5db097.jpg,2,Women Floral Printed Organza Saree with Scalloped Embroidered Border,,
women-floral-printed-organza-saree-scalloped-border,,,,,,,,,,,,,,,,,,https://pub-1c439aae24bd4239bd4c425d68d03bfc.r2.dev/products/women-floral-printed-organza-saree-scalloped-border/ivory-03-15-f848a1.jpg,3,Women Floral Printed Organza Saree with Scalloped Embroidered Border,,
women-floral-printed-organza-saree-scalloped-border,,,,,,,,,,,,,,,,,,https://pub-1c439aae24bd4239bd4c425d68d03bfc.r2.dev/products/women-floral-printed-organza-saree-scalloped-border/lilac-01-1-06c065.jpg,4,Women Floral Printed Organza Saree with Scalloped Embroidered Border,,
women-floral-printed-organza-saree-scalloped-border,,,,,,,,,,,,,,,,,,https://pub-1c439aae24bd4239bd4c425d68d03bfc.r2.dev/products/women-floral-printed-organza-saree-scalloped-border/lilac-02-2-bc1259.jpg,5,Women Floral Printed Organza Saree with Scalloped Embroidered Border,,
women-floral-printed-organza-saree-scalloped-border,,,,,,,,,,,,,,,,,,https://pub-1c439aae24bd4239bd4c425d68d03bfc.r2.dev/products/women-floral-printed-organza-saree-scalloped-border/lilac-03-3-8690a5.jpg,6,Women Floral Printed Organza Saree with Scalloped Embroidered Border,,
women-floral-printed-organza-saree-scalloped-border,,,,,,,,,,,,,,,,,,https://pub-1c439aae24bd4239bd4c425d68d03bfc.r2.dev/products/women-floral-printed-organza-saree-scalloped-border/mint-green-01-7-b6131a.jpg,7,Women Floral Printed Organza Saree with Scalloped Embroidered Border,,
women-floral-printed-organza-saree-scalloped-border,,,,,,,,,,,,,,,,,,https://pub-1c439aae24bd4239bd4c425d68d03bfc.r2.dev/products/women-floral-printed-organza-saree-scalloped-border/mint-green-02-8-a5c887.jpg,8,Women Floral Printed Organza Saree with Scalloped Embroidered Border,,
women-floral-printed-organza-saree-scalloped-border,,,,,,,,,,,,,,,,,,https://pub-1c439aae24bd4239bd4c425d68d03bfc.r2.dev/products/women-floral-printed-organza-saree-scalloped-border/mint-green-03-9-1a638f.jpg,9,Women Floral Printed Organza Saree with Scalloped Embroidered Border,,
women-floral-printed-organza-saree-scalloped-border,,,,,,,,,,,,,,,,,,https://pub-1c439aae24bd4239bd4c425d68d03bfc.r2.dev/products/women-floral-printed-organza-saree-scalloped-border/peach-01-10-dd58d9.jpg,10,Women Floral Printed Organza Saree with Scalloped Embroidered Border,,
women-floral-printed-organza-saree-scalloped-border,,,,,,,,,,,,,,,,,,https://pub-1c439aae24bd4239bd4c425d68d03bfc.r2.dev/products/women-floral-printed-organza-saree-scalloped-border/peach-02-12-43e8f3.jpg,11,Women Floral Printed Organza Saree with Scalloped Embroidered Border,,
women-floral-printed-organza-saree-scalloped-border,,,,,,,,,,,,,,,,,,https://pub-1c439aae24bd4239bd4c425d68d03bfc.r2.dev/products/women-floral-printed-organza-saree-scalloped-border/pista-green-01-4-d10ace.jpg,12,Women Floral Printed Organza Saree with Scalloped Embroidered Border,,
women-floral-printed-organza-saree-scalloped-border,,,,,,,,,,,,,,,,,,https://pub-1c439aae24bd4239bd4c425d68d03bfc.r2.dev/products/women-floral-printed-organza-saree-scalloped-border/pista-green-02-5-708e8f.jpg,13,Women Floral Printed Organza Saree with Scalloped Embroidered Border,,
women-floral-printed-organza-saree-scalloped-border,,,,,,,,,,,,,,,,,,https://pub-1c439aae24bd4239bd4c425d68d03bfc.r2.dev/products/women-floral-printed-organza-saree-scalloped-border/pista-green-03-6-ec6743.jpg,14,Women Floral Printed Organza Saree with Scalloped Embroidered Border,,
women-sequin-floral-shimmer-saree-gold-piping,Women Shimmer Saree with Sequin Floral Motifs & Gold Piping Border,"<p>Plain fancy satin saree with a soft liquid shimmer, scattered with hand-finished sequin and thread floral sprays across the body and pallu, and outlined with a fine gold zari piping on all sides. Comes with a matching blouse piece. Light on the shoulder and easy to drape — an understated pick for festive evenings, receptions and family functions.</p>",HyraLuxe,Sarees,"Sarees, Fancy Satin, Festive, Party, Migrated",TRUE,Colour,Mustard Gold,HF-SEQ-01-MUSTARDGOLD,shopify,1,deny,manual,1299.00,2599.00,TRUE,TRUE,https://pub-1c439aae24bd4239bd4c425d68d03bfc.r2.dev/products/women-sequin-floral-shimmer-saree-gold-piping/mustard-gold-01-main-35ca62.jpg,1,Women Shimmer Saree with Sequin Floral Motifs & Gold Piping Border,https://pub-1c439aae24bd4239bd4c425d68d03bfc.r2.dev/products/women-sequin-floral-shimmer-saree-gold-piping/mustard-gold-01-main-35ca62.jpg,active
women-sequin-floral-shimmer-saree-gold-piping,,,,,,,,Orchid Mauve,HF-SEQ-01-ORCHIDMAUVE,shopify,1,deny,manual,1299.00,2599.00,TRUE,TRUE,,,,https://pub-1c439aae24bd4239bd4c425d68d03bfc.r2.dev/products/women-sequin-floral-shimmer-saree-gold-piping/orchid-mauve-01-main-0c99ec.jpg,
women-sequin-floral-shimmer-saree-gold-piping,,,,,,,,Purple,HF-SEQ-01-PURPLE,shopify,1,deny,manual,1299.00,2599.00,TRUE,TRUE,,,,https://pub-1c439aae24bd4239bd4c425d68d03bfc.r2.dev/products/women-sequin-floral-shimmer-saree-gold-piping/purple-01-main-b62539.jpg,
women-sequin-floral-shimmer-saree-gold-piping,,,,,,,,Sage Green,HF-SEQ-01-SAGEGREEN,shopify,1,deny,manual,1299.00,2599.00,TRUE,TRUE,,,,https://pub-1c439aae24bd4239bd4c425d68d03bfc.r2.dev/products/women-sequin-floral-shimmer-saree-gold-piping/sage-green-01-main-138d55.jpg,
women-sequin-floral-shimmer-saree-gold-piping,,,,,,,,Teal Blue,HF-SEQ-01-TEALBLUE,shopify,1,deny,manual,1299.00,2599.00,TRUE,TRUE,,,,https://pub-1c439aae24bd4239bd4c425d68d03bfc.r2.dev/products/women-sequin-floral-shimmer-saree-gold-piping/teal-blue-01-main-4f0e33.jpg,
women-sequin-floral-shimmer-saree-gold-piping,,,,,,,,,,,,,,,,,,https://pub-1c439aae24bd4239bd4c425d68d03bfc.r2.dev/products/women-sequin-floral-shimmer-saree-gold-piping/mustard-gold-02-back-f02985.jpg,2,Women Shimmer Saree with Sequin Floral Motifs & Gold Piping Border,,
women-sequin-floral-shimmer-saree-gold-piping,,,,,,,,,,,,,,,,,,https://pub-1c439aae24bd4239bd4c425d68d03bfc.r2.dev/products/women-sequin-floral-shimmer-saree-gold-piping/mustard-gold-x-collage-1-761e03.jpg,3,Women Shimmer Saree with Sequin Floral Motifs & Gold Piping Border,,
women-sequin-floral-shimmer-saree-gold-piping,,,,,,,,,,,,,,,,,,https://pub-1c439aae24bd4239bd4c425d68d03bfc.r2.dev/products/women-sequin-floral-shimmer-saree-gold-piping/orchid-mauve-01-main-0c99ec.jpg,4,Women Shimmer Saree with Sequin Floral Motifs & Gold Piping Border,,
women-sequin-floral-shimmer-saree-gold-piping,,,,,,,,,,,,,,,,,,https://pub-1c439aae24bd4239bd4c425d68d03bfc.r2.dev/products/women-sequin-floral-shimmer-saree-gold-piping/orchid-mauve-02-back-179e46.jpg,5,Women Shimmer Saree with Sequin Floral Motifs & Gold Piping Border,,
women-sequin-floral-shimmer-saree-gold-piping,,,,,,,,,,,,,,,,,,https://pub-1c439aae24bd4239bd4c425d68d03bfc.r2.dev/products/women-sequin-floral-shimmer-saree-gold-piping/orchid-mauve-03-front-68dbc2.jpg,6,Women Shimmer Saree with Sequin Floral Motifs & Gold Piping Border,,
women-sequin-floral-shimmer-saree-gold-piping,,,,,,,,,,,,,,,,,,https://pub-1c439aae24bd4239bd4c425d68d03bfc.r2.dev/products/women-sequin-floral-shimmer-saree-gold-piping/orchid-mauve-x-collage-1-f1d3d8.jpg,7,Women Shimmer Saree with Sequin Floral Motifs & Gold Piping Border,,
women-sequin-floral-shimmer-saree-gold-piping,,,,,,,,,,,,,,,,,,https://pub-1c439aae24bd4239bd4c425d68d03bfc.r2.dev/products/women-sequin-floral-shimmer-saree-gold-piping/orchid-mauve-x-collage-2-5efca1.jpg,8,Women Shimmer Saree with Sequin Floral Motifs & Gold Piping Border,,
women-sequin-floral-shimmer-saree-gold-piping,,,,,,,,,,,,,,,,,,https://pub-1c439aae24bd4239bd4c425d68d03bfc.r2.dev/products/women-sequin-floral-shimmer-saree-gold-piping/purple-01-main-b62539.jpg,9,Women Shimmer Saree with Sequin Floral Motifs & Gold Piping Border,,
women-sequin-floral-shimmer-saree-gold-piping,,,,,,,,,,,,,,,,,,https://pub-1c439aae24bd4239bd4c425d68d03bfc.r2.dev/products/women-sequin-floral-shimmer-saree-gold-piping/purple-x-collage-1-c36fb4.jpg,10,Women Shimmer Saree with Sequin Floral Motifs & Gold Piping Border,,
women-sequin-floral-shimmer-saree-gold-piping,,,,,,,,,,,,,,,,,,https://pub-1c439aae24bd4239bd4c425d68d03bfc.r2.dev/products/women-sequin-floral-shimmer-saree-gold-piping/purple-x-collage-2-a5596d.jpg,11,Women Shimmer Saree with Sequin Floral Motifs & Gold Piping Border,,
women-sequin-floral-shimmer-saree-gold-piping,,,,,,,,,,,,,,,,,,https://pub-1c439aae24bd4239bd4c425d68d03bfc.r2.dev/products/women-sequin-floral-shimmer-saree-gold-piping/sage-green-01-main-138d55.jpg,12,Women Shimmer Saree with Sequin Floral Motifs & Gold Piping Border,,
women-sequin-floral-shimmer-saree-gold-piping,,,,,,,,,,,,,,,,,,https://pub-1c439aae24bd4239bd4c425d68d03bfc.r2.dev/products/women-sequin-floral-shimmer-saree-gold-piping/sage-green-02-back-b7d3fb.jpg,13,Women Shimmer Saree with Sequin Floral Motifs & Gold Piping Border,,
women-sequin-floral-shimmer-saree-gold-piping,,,,,,,,,,,,,,,,,,https://pub-1c439aae24bd4239bd4c425d68d03bfc.r2.dev/products/women-sequin-floral-shimmer-saree-gold-piping/sage-green-x-collage-1-0e7b2e.jpg,14,Women Shimmer Saree with Sequin Floral Motifs & Gold Piping Border,,
women-sequin-floral-shimmer-saree-gold-piping,,,,,,,,,,,,,,,,,,https://pub-1c439aae24bd4239bd4c425d68d03bfc.r2.dev/products/women-sequin-floral-shimmer-saree-gold-piping/teal-blue-01-main-4f0e33.jpg,15,Women Shimmer Saree with Sequin Floral Motifs & Gold Piping Border,,
women-sequin-floral-shimmer-saree-gold-piping,,,,,,,,,,,,,,,,,,https://pub-1c439aae24bd4239bd4c425d68d03bfc.r2.dev/products/women-sequin-floral-shimmer-saree-gold-piping/teal-blue-02-back-5d373f.jpg,16,Women Shimmer Saree with Sequin Floral Motifs & Gold Piping Border,,
women-sequin-floral-shimmer-saree-gold-piping,,,,,,,,,,,,,,,,,,https://pub-1c439aae24bd4239bd4c425d68d03bfc.r2.dev/products/women-sequin-floral-shimmer-saree-gold-piping/teal-blue-x-collage-1-1d941a.jpg,17,Women Shimmer Saree with Sequin Floral Motifs & Gold Piping Border,,
women-peacock-embroidered-shimmer-saree,Women Shimmer Saree with Peacock Embroidered Motifs & Scalloped Border,"<p>Fancy satin saree with a soft crushed shimmer, dressed with large peacock and floral motifs embroidered in contrast thread and stone work, and edged with a scalloped border on all sides. Comes with a matching blouse piece. Falls smoothly and holds its drape — made for weddings, receptions, sangeet and festive evenings.</p>",HyraLuxe,Sarees,"Sarees, Fancy Satin, Festive, Party, Migrated",TRUE,Colour,Dusty Pink,HF-PEA-01-DUSTYPINK,shopify,3,deny,manual,1699.00,2999.00,TRUE,TRUE,https://pub-1c439aae24bd4239bd4c425d68d03bfc.r2.dev/products/women-peacock-embroidered-saree-stitched-blouse/dusty-pink-01-main-80fe62.jpg,1,Women Shimmer Saree with Peacock Embroidered Motifs & Scalloped Border,https://pub-1c439aae24bd4239bd4c425d68d03bfc.r2.dev/products/women-peacock-embroidered-saree-stitched-blouse/dusty-pink-01-main-80fe62.jpg,active
women-peacock-embroidered-shimmer-saree,,,,,,,,Gold,HF-PEA-01-GOLD,shopify,3,deny,manual,1699.00,2999.00,TRUE,TRUE,,,,https://pub-1c439aae24bd4239bd4c425d68d03bfc.r2.dev/products/women-peacock-embroidered-saree-stitched-blouse/gold-01-main-517eb4.jpg,
women-peacock-embroidered-shimmer-saree,,,,,,,,Lilac,HF-PEA-01-LILAC,shopify,3,deny,manual,1699.00,2999.00,TRUE,TRUE,,,,https://pub-1c439aae24bd4239bd4c425d68d03bfc.r2.dev/products/women-peacock-embroidered-saree-stitched-blouse/lilac-01-main-e27ce0.jpg,
women-peacock-embroidered-shimmer-saree,,,,,,,,Powder Blue,HF-PEA-01-POWDERBLUE,shopify,3,deny,manual,1699.00,2999.00,TRUE,TRUE,,,,https://pub-1c439aae24bd4239bd4c425d68d03bfc.r2.dev/products/women-peacock-embroidered-saree-stitched-blouse/powder-blue-01-main-82e19d.jpg,
women-peacock-embroidered-shimmer-saree,,,,,,,,Sage Green,HF-PEA-01-SAGE,shopify,3,deny,manual,1699.00,2999.00,TRUE,TRUE,,,,https://pub-1c439aae24bd4239bd4c425d68d03bfc.r2.dev/products/women-peacock-embroidered-saree-stitched-blouse/sage-01-main-1ea484.jpg,
women-peacock-embroidered-shimmer-saree,,,,,,,,,,,,,,,,,,https://pub-1c439aae24bd4239bd4c425d68d03bfc.r2.dev/products/women-peacock-embroidered-saree-stitched-blouse/dusty-pink-02-back-c14cb6.jpg,2,Women Shimmer Saree with Peacock Embroidered Motifs & Scalloped Border,,
women-peacock-embroidered-shimmer-saree,,,,,,,,,,,,,,,,,,https://pub-1c439aae24bd4239bd4c425d68d03bfc.r2.dev/products/women-peacock-embroidered-saree-stitched-blouse/dusty-pink-x-collage-1-ee18e2.jpg,3,Women Shimmer Saree with Peacock Embroidered Motifs & Scalloped Border,,
women-peacock-embroidered-shimmer-saree,,,,,,,,,,,,,,,,,,https://pub-1c439aae24bd4239bd4c425d68d03bfc.r2.dev/products/women-peacock-embroidered-saree-stitched-blouse/gold-01-main-517eb4.jpg,4,Women Shimmer Saree with Peacock Embroidered Motifs & Scalloped Border,,
women-peacock-embroidered-shimmer-saree,,,,,,,,,,,,,,,,,,https://pub-1c439aae24bd4239bd4c425d68d03bfc.r2.dev/products/women-peacock-embroidered-saree-stitched-blouse/gold-02-front-bc4fd5.jpg,5,Women Shimmer Saree with Peacock Embroidered Motifs & Scalloped Border,,
women-peacock-embroidered-shimmer-saree,,,,,,,,,,,,,,,,,,https://pub-1c439aae24bd4239bd4c425d68d03bfc.r2.dev/products/women-peacock-embroidered-saree-stitched-blouse/gold-x-collage-1-0438aa.jpg,6,Women Shimmer Saree with Peacock Embroidered Motifs & Scalloped Border,,
women-peacock-embroidered-shimmer-saree,,,,,,,,,,,,,,,,,,https://pub-1c439aae24bd4239bd4c425d68d03bfc.r2.dev/products/women-peacock-embroidered-saree-stitched-blouse/gold-x-collage-2-a9788c.jpg,7,Women Shimmer Saree with Peacock Embroidered Motifs & Scalloped Border,,
women-peacock-embroidered-shimmer-saree,,,,,,,,,,,,,,,,,,https://pub-1c439aae24bd4239bd4c425d68d03bfc.r2.dev/products/women-peacock-embroidered-saree-stitched-blouse/lilac-01-main-e27ce0.jpg,8,Women Shimmer Saree with Peacock Embroidered Motifs & Scalloped Border,,
women-peacock-embroidered-shimmer-saree,,,,,,,,,,,,,,,,,,https://pub-1c439aae24bd4239bd4c425d68d03bfc.r2.dev/products/women-peacock-embroidered-saree-stitched-blouse/lilac-02-side-e74306.jpg,9,Women Shimmer Saree with Peacock Embroidered Motifs & Scalloped Border,,
women-peacock-embroidered-shimmer-saree,,,,,,,,,,,,,,,,,,https://pub-1c439aae24bd4239bd4c425d68d03bfc.r2.dev/products/women-peacock-embroidered-saree-stitched-blouse/powder-blue-01-main-82e19d.jpg,10,Women Shimmer Saree with Peacock Embroidered Motifs & Scalloped Border,,
women-peacock-embroidered-shimmer-saree,,,,,,,,,,,,,,,,,,https://pub-1c439aae24bd4239bd4c425d68d03bfc.r2.dev/products/women-peacock-embroidered-saree-stitched-blouse/powder-blue-02-side-08d578.jpg,11,Women Shimmer Saree with Peacock Embroidered Motifs & Scalloped Border,,
women-peacock-embroidered-shimmer-saree,,,,,,,,,,,,,,,,,,https://pub-1c439aae24bd4239bd4c425d68d03bfc.r2.dev/products/women-peacock-embroidered-saree-stitched-blouse/powder-blue-03-back-53a73d.jpg,12,Women Shimmer Saree with Peacock Embroidered Motifs & Scalloped Border,,
women-peacock-embroidered-shimmer-saree,,,,,,,,,,,,,,,,,,https://pub-1c439aae24bd4239bd4c425d68d03bfc.r2.dev/products/women-peacock-embroidered-saree-stitched-blouse/sage-01-main-1ea484.jpg,13,Women Shimmer Saree with Peacock Embroidered Motifs & Scalloped Border,,
women-peacock-embroidered-shimmer-saree,,,,,,,,,,,,,,,,,,https://pub-1c439aae24bd4239bd4c425d68d03bfc.r2.dev/products/women-peacock-embroidered-saree-stitched-blouse/sage-02-side-e95266.jpg,14,Women Shimmer Saree with Peacock Embroidered Motifs & Scalloped Border,,
women-peacock-embroidered-shimmer-saree,,,,,,,,,,,,,,,,,,https://pub-1c439aae24bd4239bd4c425d68d03bfc.r2.dev/products/women-peacock-embroidered-saree-stitched-blouse/sage-03-back-98f1f0.jpg,15,Women Shimmer Saree with Peacock Embroidered Motifs & Scalloped Border,,
women-velvet-patch-stone-work-saree,Women Shimmer Saree with Velvet Patch & Stone Work,"<p>Fancy satin saree scattered with velvet medallion patches, each outlined in fine stone work, and finished with a contrast velvet border on all sides. Comes with a matching velvet blouse piece. Falls softly and catches the light as it drapes — made for weddings, receptions, sangeet and festive evenings.</p>",HyraLuxe,Sarees,"Sarees, Fancy Satin, Festive, Party, Migrated",TRUE,Colour,Coral Red,HF-VLV-01-CORAL,shopify,2,deny,manual,1699.00,2999.00,TRUE,TRUE,https://pub-1c439aae24bd4239bd4c425d68d03bfc.r2.dev/products/women-velvet-patch-saree-stitched-blouse/coral-01-main-1da857.jpg,1,Women Shimmer Saree with Velvet Patch & Stone Work,https://pub-1c439aae24bd4239bd4c425d68d03bfc.r2.dev/products/women-velvet-patch-saree-stitched-blouse/coral-01-main-1da857.jpg,active
women-velvet-patch-stone-work-saree,,,,,,,,Dusty Rose,HF-VLV-01-DUSTYROSE,shopify,2,deny,manual,1699.00,2999.00,TRUE,TRUE,,,,https://pub-1c439aae24bd4239bd4c425d68d03bfc.r2.dev/products/women-velvet-patch-saree-stitched-blouse/dusty-rose-01-main-7c6bb3.jpg,
women-velvet-patch-stone-work-saree,,,,,,,,Lilac,HF-VLV-01-LILAC,shopify,2,deny,manual,1699.00,2999.00,TRUE,TRUE,,,,https://pub-1c439aae24bd4239bd4c425d68d03bfc.r2.dev/products/women-velvet-patch-saree-stitched-blouse/lilac-01-main-b92365.jpg,
women-velvet-patch-stone-work-saree,,,,,,,,Mint Green,HF-VLV-01-MINT,shopify,2,deny,manual,1699.00,2999.00,TRUE,TRUE,,,,https://pub-1c439aae24bd4239bd4c425d68d03bfc.r2.dev/products/women-velvet-patch-saree-stitched-blouse/mint-01-main-efe218.jpg,
women-velvet-patch-stone-work-saree,,,,,,,,Olive Green,HF-VLV-01-OLIVE,shopify,2,deny,manual,1699.00,2999.00,TRUE,TRUE,,,,https://pub-1c439aae24bd4239bd4c425d68d03bfc.r2.dev/products/women-velvet-patch-saree-stitched-blouse/olive-01-main-5d9a94.jpg,
women-velvet-patch-stone-work-saree,,,,,,,,,,,,,,,,,,https://pub-1c439aae24bd4239bd4c425d68d03bfc.r2.dev/products/women-velvet-patch-saree-stitched-blouse/coral-02-side-80f1b4.jpg,2,Women Shimmer Saree with Velvet Patch & Stone Work,,
women-velvet-patch-stone-work-saree,,,,,,,,,,,,,,,,,,https://pub-1c439aae24bd4239bd4c425d68d03bfc.r2.dev/products/women-velvet-patch-saree-stitched-blouse/coral-03-back-b417e5.jpg,3,Women Shimmer Saree with Velvet Patch & Stone Work,,
women-velvet-patch-stone-work-saree,,,,,,,,,,,,,,,,,,https://pub-1c439aae24bd4239bd4c425d68d03bfc.r2.dev/products/women-velvet-patch-saree-stitched-blouse/dusty-rose-01-main-7c6bb3.jpg,4,Women Shimmer Saree with Velvet Patch & Stone Work,,
women-velvet-patch-stone-work-saree,,,,,,,,,,,,,,,,,,https://pub-1c439aae24bd4239bd4c425d68d03bfc.r2.dev/products/women-velvet-patch-saree-stitched-blouse/dusty-rose-02-side-fbaa20.jpg,5,Women Shimmer Saree with Velvet Patch & Stone Work,,
women-velvet-patch-stone-work-saree,,,,,,,,,,,,,,,,,,https://pub-1c439aae24bd4239bd4c425d68d03bfc.r2.dev/products/women-velvet-patch-saree-stitched-blouse/dusty-rose-03-back-361838.jpg,6,Women Shimmer Saree with Velvet Patch & Stone Work,,
women-velvet-patch-stone-work-saree,,,,,,,,,,,,,,,,,,https://pub-1c439aae24bd4239bd4c425d68d03bfc.r2.dev/products/women-velvet-patch-saree-stitched-blouse/lilac-01-main-b92365.jpg,7,Women Shimmer Saree with Velvet Patch & Stone Work,,
women-velvet-patch-stone-work-saree,,,,,,,,,,,,,,,,,,https://pub-1c439aae24bd4239bd4c425d68d03bfc.r2.dev/products/women-velvet-patch-saree-stitched-blouse/lilac-02-side-c19c0e.jpg,8,Women Shimmer Saree with Velvet Patch & Stone Work,,
women-velvet-patch-stone-work-saree,,,,,,,,,,,,,,,,,,https://pub-1c439aae24bd4239bd4c425d68d03bfc.r2.dev/products/women-velvet-patch-saree-stitched-blouse/lilac-03-back-3cf9c3.jpg,9,Women Shimmer Saree with Velvet Patch & Stone Work,,
women-velvet-patch-stone-work-saree,,,,,,,,,,,,,,,,,,https://pub-1c439aae24bd4239bd4c425d68d03bfc.r2.dev/products/women-velvet-patch-saree-stitched-blouse/mint-01-main-efe218.jpg,10,Women Shimmer Saree with Velvet Patch & Stone Work,,
women-velvet-patch-stone-work-saree,,,,,,,,,,,,,,,,,,https://pub-1c439aae24bd4239bd4c425d68d03bfc.r2.dev/products/women-velvet-patch-saree-stitched-blouse/mint-02-side-08d9b6.jpg,11,Women Shimmer Saree with Velvet Patch & Stone Work,,
women-velvet-patch-stone-work-saree,,,,,,,,,,,,,,,,,,https://pub-1c439aae24bd4239bd4c425d68d03bfc.r2.dev/products/women-velvet-patch-saree-stitched-blouse/mint-03-back-a119e3.jpg,12,Women Shimmer Saree with Velvet Patch & Stone Work,,
women-velvet-patch-stone-work-saree,,,,,,,,,,,,,,,,,,https://pub-1c439aae24bd4239bd4c425d68d03bfc.r2.dev/products/women-velvet-patch-saree-stitched-blouse/olive-01-main-5d9a94.jpg,13,Women Shimmer Saree with Velvet Patch & Stone Work,,
women-velvet-patch-stone-work-saree,,,,,,,,,,,,,,,,,,https://pub-1c439aae24bd4239bd4c425d68d03bfc.r2.dev/products/women-velvet-patch-saree-stitched-blouse/olive-02-side-af952b.jpg,14,Women Shimmer Saree with Velvet Patch & Stone Work,,
women-velvet-patch-stone-work-saree,,,,,,,,,,,,,,,,,,https://pub-1c439aae24bd4239bd4c425d68d03bfc.r2.dev/products/women-velvet-patch-saree-stitched-blouse/olive-03-back-84ead0.jpg,15,Women Shimmer Saree with Velvet Patch & Stone Work,,
steel-grey-georgette-saree-sequin-striped-border-potli-tie-blouse,Steel Grey Georgette Saree with Sequin Striped Border & Unstitched Blouse Piece,"<p>A refined, minimalist steel blue-grey saree for the modern woman who loves understated glamour. Crafted in shimmer georgette and silk blend fabric, it has a subtle sheen with delicate gold sequin vertical stripe embroidery along the pallu and border. The clean linework catches evening light beautifully without heavy motifs. Comes with a matching unstitched blouse piece that can be tailored to your preferred fit and style. The blouse shown in photos is for styling reference. Perfect for cocktail parties, receptions, sangeet nights and evening events where you want elegance over embellishment. SEO tags: plain saree with embroidered border, sequin saree, designer blouse saree, reception wear saree, back tie-up blouse saree, party wear saree, minimal saree design.</p>",HyraLuxe,Sarees,"Sarees, Shimmer Georgette / Silk Blend, Party, Trending, Migrated",TRUE,Colour,Steel Blue Grey,HF-SGS-01-STEELGREY,shopify,7,deny,manual,1599.00,,TRUE,TRUE,https://pub-1c439aae24bd4239bd4c425d68d03bfc.r2.dev/products/steel-grey-georgette-saree-sequin-striped-border-potli-tie-blouse/steel-blue-grey-01-1-b97744.jpg,1,Steel Grey Georgette Saree with Sequin Striped Border & Unstitched Blouse Piece,https://pub-1c439aae24bd4239bd4c425d68d03bfc.r2.dev/products/steel-grey-georgette-saree-sequin-striped-border-potli-tie-blouse/steel-blue-grey-01-1-b97744.jpg,active
steel-grey-georgette-saree-sequin-striped-border-potli-tie-blouse,,,,,,,,,,,,,,,,,,https://pub-1c439aae24bd4239bd4c425d68d03bfc.r2.dev/products/steel-grey-georgette-saree-sequin-striped-border-potli-tie-blouse/steel-blue-grey-02-2-c5968d.jpg,2,Steel Grey Georgette Saree with Sequin Striped Border & Unstitched Blouse Piece,,
steel-grey-georgette-saree-sequin-striped-border-potli-tie-blouse,,,,,,,,,,,,,,,,,,https://pub-1c439aae24bd4239bd4c425d68d03bfc.r2.dev/products/steel-grey-georgette-saree-sequin-striped-border-potli-tie-blouse/steel-blue-grey-03-3-1d2650.jpg,3,Steel Grey Georgette Saree with Sequin Striped Border & Unstitched Blouse Piece,,
hyraluxe-designer-shimmer-silk-saree-heavy-embroidered-border-wedding-party-wear,HYRALUXE Designer Shimmer Silk Saree with Heavy Embroidered Border - Wedding & Party Wear,"<p>HYRALUXE presents the Aarya Premium Fancy Fabric Saree, an elegant occasion-ready design featuring beautifully placed multicolor ethnic motifs and a rich intricately detailed designer border. Crafted in premium fancy fabric with a graceful lustrous finish, the saree creates a refined and luxurious traditional look. The coordinated pallu and detailed border enhance the overall drape, making it an ideal choice for weddings, receptions, festive celebrations, parties, engagements and family functions. Available in a curated range of sophisticated colours, Aarya is designed for women who appreciate timeless ethnic elegance with a contemporary luxury touch. The stitched blouse shown on the model is for styling reference only; the product includes an unstitched matching blouse piece.</p>",HyraLuxe,Sarees,"Sarees, Fancy Fabric, Party, Trending, Migrated",TRUE,Colour,Antique Mustard Gold,HYL-AARYA-MUS-04,shopify,2,deny,manual,1599.00,,TRUE,TRUE,https://pub-1c439aae24bd4239bd4c425d68d03bfc.r2.dev/products/aarya-premium-fancy-fabric-saree/antique-mustard-gold-01-11-ec4ece.jpg,1,HYRALUXE Designer Shimmer Silk Saree with Heavy Embroidered Border - Wedding & Party Wear,https://pub-1c439aae24bd4239bd4c425d68d03bfc.r2.dev/products/aarya-premium-fancy-fabric-saree/antique-mustard-gold-01-11-ec4ece.jpg,active
hyraluxe-designer-shimmer-silk-saree-heavy-embroidered-border-wedding-party-wear,,,,,,,,Dusty Rose,HYL-AARYA-ROSE-05,shopify,2,deny,manual,1599.00,,TRUE,TRUE,,,,https://pub-1c439aae24bd4239bd4c425d68d03bfc.r2.dev/products/aarya-premium-fancy-fabric-saree/dusty-rose-01-14-4e8b96.jpg,
hyraluxe-designer-shimmer-silk-saree-heavy-embroidered-border-wedding-party-wear,,,,,,,,Heritage Olive,HYL-AARYA-OLV-03,shopify,2,deny,manual,1599.00,,TRUE,TRUE,,,,https://pub-1c439aae24bd4239bd4c425d68d03bfc.r2.dev/products/aarya-premium-fancy-fabric-saree/heritage-olive-01-8-93318b.jpg,
hyraluxe-designer-shimmer-silk-saree-heavy-embroidered-border-wedding-party-wear,,,,,,,,Jewel Teal,HYL-AARYA-TEAL-02,shopify,2,deny,manual,1599.00,,TRUE,TRUE,,,,https://pub-1c439aae24bd4239bd4c425d68d03bfc.r2.dev/products/aarya-premium-fancy-fabric-saree/jewel-teal-01-4-fdff5d.jpg,
hyraluxe-designer-shimmer-silk-saree-heavy-embroidered-border-wedding-party-wear,,,,,,,,Royal Lavender,HYL-AARYA-LAV-01,shopify,2,deny,manual,1599.00,,TRUE,TRUE,,,,https://pub-1c439aae24bd4239bd4c425d68d03bfc.r2.dev/products/aarya-premium-fancy-fabric-saree/royal-lavender-01-1-912115.jpg,
hyraluxe-designer-shimmer-silk-saree-heavy-embroidered-border-wedding-party-wear,,,,,,,,Terracotta Peach,HYL-AARYA-TER-06,shopify,2,deny,manual,1599.00,,TRUE,TRUE,,,,https://pub-1c439aae24bd4239bd4c425d68d03bfc.r2.dev/products/aarya-premium-fancy-fabric-saree/terracotta-peach-01-17-b5f66c.jpg,
hyraluxe-designer-shimmer-silk-saree-heavy-embroidered-border-wedding-party-wear,,,,,,,,,,,,,,,,,,https://pub-1c439aae24bd4239bd4c425d68d03bfc.r2.dev/products/aarya-premium-fancy-fabric-saree/antique-mustard-gold-02-12-e887b0.jpg,2,HYRALUXE Designer Shimmer Silk Saree with Heavy Embroidered Border - Wedding & Party Wear,,
hyraluxe-designer-shimmer-silk-saree-heavy-embroidered-border-wedding-party-wear,,,,,,,,,,,,,,,,,,https://pub-1c439aae24bd4239bd4c425d68d03bfc.r2.dev/products/aarya-premium-fancy-fabric-saree/antique-mustard-gold-03-13-fdd44a.jpg,3,HYRALUXE Designer Shimmer Silk Saree with Heavy Embroidered Border - Wedding & Party Wear,,
hyraluxe-designer-shimmer-silk-saree-heavy-embroidered-border-wedding-party-wear,,,,,,,,,,,,,,,,,,https://pub-1c439aae24bd4239bd4c425d68d03bfc.r2.dev/products/aarya-premium-fancy-fabric-saree/dusty-rose-01-14-4e8b96.jpg,4,HYRALUXE Designer Shimmer Silk Saree with Heavy Embroidered Border - Wedding & Party Wear,,
hyraluxe-designer-shimmer-silk-saree-heavy-embroidered-border-wedding-party-wear,,,,,,,,,,,,,,,,,,https://pub-1c439aae24bd4239bd4c425d68d03bfc.r2.dev/products/aarya-premium-fancy-fabric-saree/dusty-rose-02-15-3cd494.jpg,5,HYRALUXE Designer Shimmer Silk Saree with Heavy Embroidered Border - Wedding & Party Wear,,
hyraluxe-designer-shimmer-silk-saree-heavy-embroidered-border-wedding-party-wear,,,,,,,,,,,,,,,,,,https://pub-1c439aae24bd4239bd4c425d68d03bfc.r2.dev/products/aarya-premium-fancy-fabric-saree/dusty-rose-03-16-373601.jpg,6,HYRALUXE Designer Shimmer Silk Saree with Heavy Embroidered Border - Wedding & Party Wear,,
hyraluxe-designer-shimmer-silk-saree-heavy-embroidered-border-wedding-party-wear,,,,,,,,,,,,,,,,,,https://pub-1c439aae24bd4239bd4c425d68d03bfc.r2.dev/products/aarya-premium-fancy-fabric-saree/heritage-olive-01-8-93318b.jpg,7,HYRALUXE Designer Shimmer Silk Saree with Heavy Embroidered Border - Wedding & Party Wear,,
hyraluxe-designer-shimmer-silk-saree-heavy-embroidered-border-wedding-party-wear,,,,,,,,,,,,,,,,,,https://pub-1c439aae24bd4239bd4c425d68d03bfc.r2.dev/products/aarya-premium-fancy-fabric-saree/heritage-olive-02-9-5ae1f8.jpg,8,HYRALUXE Designer Shimmer Silk Saree with Heavy Embroidered Border - Wedding & Party Wear,,
hyraluxe-designer-shimmer-silk-saree-heavy-embroidered-border-wedding-party-wear,,,,,,,,,,,,,,,,,,https://pub-1c439aae24bd4239bd4c425d68d03bfc.r2.dev/products/aarya-premium-fancy-fabric-saree/heritage-olive-03-10-07ff22.jpg,9,HYRALUXE Designer Shimmer Silk Saree with Heavy Embroidered Border - Wedding & Party Wear,,
hyraluxe-designer-shimmer-silk-saree-heavy-embroidered-border-wedding-party-wear,,,,,,,,,,,,,,,,,,https://pub-1c439aae24bd4239bd4c425d68d03bfc.r2.dev/products/aarya-premium-fancy-fabric-saree/jewel-teal-01-4-fdff5d.jpg,10,HYRALUXE Designer Shimmer Silk Saree with Heavy Embroidered Border - Wedding & Party Wear,,
hyraluxe-designer-shimmer-silk-saree-heavy-embroidered-border-wedding-party-wear,,,,,,,,,,,,,,,,,,https://pub-1c439aae24bd4239bd4c425d68d03bfc.r2.dev/products/aarya-premium-fancy-fabric-saree/jewel-teal-02-6-0057cc.jpg,11,HYRALUXE Designer Shimmer Silk Saree with Heavy Embroidered Border - Wedding & Party Wear,,
hyraluxe-designer-shimmer-silk-saree-heavy-embroidered-border-wedding-party-wear,,,,,,,,,,,,,,,,,,https://pub-1c439aae24bd4239bd4c425d68d03bfc.r2.dev/products/aarya-premium-fancy-fabric-saree/jewel-teal-03-7-37b2b3.jpg,12,HYRALUXE Designer Shimmer Silk Saree with Heavy Embroidered Border - Wedding & Party Wear,,
hyraluxe-designer-shimmer-silk-saree-heavy-embroidered-border-wedding-party-wear,,,,,,,,,,,,,,,,,,https://pub-1c439aae24bd4239bd4c425d68d03bfc.r2.dev/products/aarya-premium-fancy-fabric-saree/royal-lavender-01-1-912115.jpg,13,HYRALUXE Designer Shimmer Silk Saree with Heavy Embroidered Border - Wedding & Party Wear,,
hyraluxe-designer-shimmer-silk-saree-heavy-embroidered-border-wedding-party-wear,,,,,,,,,,,,,,,,,,https://pub-1c439aae24bd4239bd4c425d68d03bfc.r2.dev/products/aarya-premium-fancy-fabric-saree/royal-lavender-02-2-a64137.jpg,14,HYRALUXE Designer Shimmer Silk Saree with Heavy Embroidered Border - Wedding & Party Wear,,
hyraluxe-designer-shimmer-silk-saree-heavy-embroidered-border-wedding-party-wear,,,,,,,,,,,,,,,,,,https://pub-1c439aae24bd4239bd4c425d68d03bfc.r2.dev/products/aarya-premium-fancy-fabric-saree/royal-lavender-03-3-2b96aa.jpg,15,HYRALUXE Designer Shimmer Silk Saree with Heavy Embroidered Border - Wedding & Party Wear,,
hyraluxe-designer-shimmer-silk-saree-heavy-embroidered-border-wedding-party-wear,,,,,,,,,,,,,,,,,,https://pub-1c439aae24bd4239bd4c425d68d03bfc.r2.dev/products/aarya-premium-fancy-fabric-saree/terracotta-peach-01-17-b5f66c.jpg,16,HYRALUXE Designer Shimmer Silk Saree with Heavy Embroidered Border - Wedding & Party Wear,,
hyraluxe-designer-shimmer-silk-saree-heavy-embroidered-border-wedding-party-wear,,,,,,,,,,,,,,,,,,https://pub-1c439aae24bd4239bd4c425d68d03bfc.r2.dev/products/aarya-premium-fancy-fabric-saree/terracotta-peach-02-18-8dbb35.jpg,17,HYRALUXE Designer Shimmer Silk Saree with Heavy Embroidered Border - Wedding & Party Wear,,
hyraluxe-designer-shimmer-silk-saree-heavy-embroidered-border-wedding-party-wear,,,,,,,,,,,,,,,,,,https://pub-1c439aae24bd4239bd4c425d68d03bfc.r2.dev/products/aarya-premium-fancy-fabric-saree/terracotta-peach-03-19-67609d.jpg,18,HYRALUXE Designer Shimmer Silk Saree with Heavy Embroidered Border - Wedding & Party Wear,,
women-printed-pallu-embroidered-buti-saree,Women Printed Pallu Dola Silk Saree with Embroidered Butis,"<p>Dola silk saree with a smooth plain drape, delicate embroidered butis scattered across it, a printed ethnic-motif border on all sides and a richly printed pallu. Comes with a matching printed blouse fabric. Falls softly and drapes easily — made for weddings, festivals, poojas and family functions.</p>",HyraLuxe,Sarees,"Sarees, Dola Silk, Festive, Party, Migrated",TRUE,Colour,Mustard,HF-PLU-01-MUSTARD,shopify,2,deny,manual,899.00,1699.00,TRUE,TRUE,https://pub-1c439aae24bd4239bd4c425d68d03bfc.r2.dev/products/women-printed-pallu-embroidered-buti-saree/mustard-01-main-95f9ea.jpg,1,Women Printed Pallu Dola Silk Saree with Embroidered Butis,https://pub-1c439aae24bd4239bd4c425d68d03bfc.r2.dev/products/women-printed-pallu-embroidered-buti-saree/mustard-01-main-95f9ea.jpg,active
women-printed-pallu-embroidered-buti-saree,,,,,,,,Olive Grey,HF-PLU-01-KHAKI,shopify,2,deny,manual,899.00,1699.00,TRUE,TRUE,,,,https://pub-1c439aae24bd4239bd4c425d68d03bfc.r2.dev/products/women-printed-pallu-embroidered-buti-saree/khaki-01-main-a4dbe1.jpg,
women-printed-pallu-embroidered-buti-saree,,,,,,,,Teal Blue,HF-PLU-01-TEAL,shopify,2,deny,manual,899.00,1699.00,TRUE,TRUE,,,,https://pub-1c439aae24bd4239bd4c425d68d03bfc.r2.dev/products/women-printed-pallu-embroidered-buti-saree/teal-01-main-7b3782.jpg,
women-printed-pallu-embroidered-buti-saree,,,,,,,,Wine,HF-PLU-01-MAROON,shopify,2,deny,manual,899.00,1699.00,TRUE,TRUE,,,,https://pub-1c439aae24bd4239bd4c425d68d03bfc.r2.dev/products/women-printed-pallu-embroidered-buti-saree/maroon-01-main-2574e3.jpg,
women-printed-pallu-embroidered-buti-saree,,,,,,,,,,,,,,,,,,https://pub-1c439aae24bd4239bd4c425d68d03bfc.r2.dev/products/women-printed-pallu-embroidered-buti-saree/mustard-02-back-16e41b.jpg,2,Women Printed Pallu Dola Silk Saree with Embroidered Butis,,
women-printed-pallu-embroidered-buti-saree,,,,,,,,,,,,,,,,,,https://pub-1c439aae24bd4239bd4c425d68d03bfc.r2.dev/products/women-printed-pallu-embroidered-buti-saree/mustard-x-collage-1-0271a9.jpg,3,Women Printed Pallu Dola Silk Saree with Embroidered Butis,,
women-printed-pallu-embroidered-buti-saree,,,,,,,,,,,,,,,,,,https://pub-1c439aae24bd4239bd4c425d68d03bfc.r2.dev/products/women-printed-pallu-embroidered-buti-saree/khaki-01-main-a4dbe1.jpg,4,Women Printed Pallu Dola Silk Saree with Embroidered Butis,,
women-printed-pallu-embroidered-buti-saree,,,,,,,,,,,,,,,,,,https://pub-1c439aae24bd4239bd4c425d68d03bfc.r2.dev/products/women-printed-pallu-embroidered-buti-saree/khaki-02-back-b42e25.jpg,5,Women Printed Pallu Dola Silk Saree with Embroidered Butis,,
women-printed-pallu-embroidered-buti-saree,,,,,,,,,,,,,,,,,,https://pub-1c439aae24bd4239bd4c425d68d03bfc.r2.dev/products/women-printed-pallu-embroidered-buti-saree/teal-01-main-7b3782.jpg,6,Women Printed Pallu Dola Silk Saree with Embroidered Butis,,
women-printed-pallu-embroidered-buti-saree,,,,,,,,,,,,,,,,,,https://pub-1c439aae24bd4239bd4c425d68d03bfc.r2.dev/products/women-printed-pallu-embroidered-buti-saree/teal-02-back-66ff54.jpg,7,Women Printed Pallu Dola Silk Saree with Embroidered Butis,,
women-printed-pallu-embroidered-buti-saree,,,,,,,,,,,,,,,,,,https://pub-1c439aae24bd4239bd4c425d68d03bfc.r2.dev/products/women-printed-pallu-embroidered-buti-saree/maroon-01-main-2574e3.jpg,8,Women Printed Pallu Dola Silk Saree with Embroidered Butis,,
women-printed-pallu-embroidered-buti-saree,,,,,,,,,,,,,,,,,,https://pub-1c439aae24bd4239bd4c425d68d03bfc.r2.dev/products/women-printed-pallu-embroidered-buti-saree/maroon-02-back-01a907.jpg,9,Women Printed Pallu Dola Silk Saree with Embroidered Butis,,
women-pastel-floral-embroidered-net-saree,Women Floral Embroidered Net Saree with Scalloped Border,"<p>Net saree with fine floral embroidery scattered across the drape and a richly worked scalloped floral border on all four sides. Comes with matching embroidered blouse fabric. Light, sheer and easy to drape — made for weddings, receptions, engagements and festive evenings.</p>",HyraLuxe,Sarees,"Sarees, Net, Festive, Party, Migrated",TRUE,Colour,Dusty Pink,HF-PST-01-DUSTYPINK,shopify,2,deny,manual,1799.00,2999.00,TRUE,TRUE,https://pub-1c439aae24bd4239bd4c425d68d03bfc.r2.dev/products/women-pastel-floral-embroidered-net-saree/dusty-pink-01-main-8e9879.jpg,1,Women Floral Embroidered Net Saree with Scalloped Border,https://pub-1c439aae24bd4239bd4c425d68d03bfc.r2.dev/products/women-pastel-floral-embroidered-net-saree/dusty-pink-01-main-8e9879.jpg,active
women-pastel-floral-embroidered-net-saree,,,,,,,,Ivory,HF-PST-01-IVORY,shopify,2,deny,manual,1799.00,2999.00,TRUE,TRUE,,,,https://pub-1c439aae24bd4239bd4c425d68d03bfc.r2.dev/products/women-pastel-floral-embroidered-net-saree/ivory-01-main-1ce46d.jpg,
women-pastel-floral-embroidered-net-saree,,,,,,,,Lavender,HF-PST-01-LAVENDER,shopify,2,deny,manual,1799.00,2999.00,TRUE,TRUE,,,,https://pub-1c439aae24bd4239bd4c425d68d03bfc.r2.dev/products/women-pastel-floral-embroidered-net-saree/lavender-01-main-568045.jpg,
women-pastel-floral-embroidered-net-saree,,,,,,,,Mint Green,HF-PST-01-MINT,shopify,2,deny,manual,1799.00,2999.00,TRUE,TRUE,,,,https://pub-1c439aae24bd4239bd4c425d68d03bfc.r2.dev/products/women-pastel-floral-embroidered-net-saree/mint-01-main-c4cd97.jpg,
women-pastel-floral-embroidered-net-saree,,,,,,,,Sage Green,HF-PST-01-SAGE,shopify,2,deny,manual,1799.00,2999.00,TRUE,TRUE,,,,https://pub-1c439aae24bd4239bd4c425d68d03bfc.r2.dev/products/women-pastel-floral-embroidered-net-saree/sage-01-main-54f7f0.jpg,
women-pastel-floral-embroidered-net-saree,,,,,,,,,,,,,,,,,,https://pub-1c439aae24bd4239bd4c425d68d03bfc.r2.dev/products/women-pastel-floral-embroidered-net-saree/dusty-pink-02-back-ecdc75.jpg,2,Women Floral Embroidered Net Saree with Scalloped Border,,
women-pastel-floral-embroidered-net-saree,,,,,,,,,,,,,,,,,,https://pub-1c439aae24bd4239bd4c425d68d03bfc.r2.dev/products/women-pastel-floral-embroidered-net-saree/dusty-pink-x-collage-1-dbc7ca.jpg,3,Women Floral Embroidered Net Saree with Scalloped Border,,
women-pastel-floral-embroidered-net-saree,,,,,,,,,,,,,,,,,,https://pub-1c439aae24bd4239bd4c425d68d03bfc.r2.dev/products/women-pastel-floral-embroidered-net-saree/ivory-01-main-1ce46d.jpg,4,Women Floral Embroidered Net Saree with Scalloped Border,,
women-pastel-floral-embroidered-net-saree,,,,,,,,,,,,,,,,,,https://pub-1c439aae24bd4239bd4c425d68d03bfc.r2.dev/products/women-pastel-floral-embroidered-net-saree/ivory-02-back-b8435b.jpg,5,Women Floral Embroidered Net Saree with Scalloped Border,,
women-pastel-floral-embroidered-net-saree,,,,,,,,,,,,,,,,,,https://pub-1c439aae24bd4239bd4c425d68d03bfc.r2.dev/products/women-pastel-floral-embroidered-net-saree/ivory-x-collage-1-d16e74.jpg,6,Women Floral Embroidered Net Saree with Scalloped Border,,
women-pastel-floral-embroidered-net-saree,,,,,,,,,,,,,,,,,,https://pub-1c439aae24bd4239bd4c425d68d03bfc.r2.dev/products/women-pastel-floral-embroidered-net-saree/lavender-01-main-568045.jpg,7,Women Floral Embroidered Net Saree with Scalloped Border,,
women-pastel-floral-embroidered-net-saree,,,,,,,,,,,,,,,,,,https://pub-1c439aae24bd4239bd4c425d68d03bfc.r2.dev/products/women-pastel-floral-embroidered-net-saree/lavender-02-back-857100.jpg,8,Women Floral Embroidered Net Saree with Scalloped Border,,
women-pastel-floral-embroidered-net-saree,,,,,,,,,,,,,,,,,,https://pub-1c439aae24bd4239bd4c425d68d03bfc.r2.dev/products/women-pastel-floral-embroidered-net-saree/lavender-x-collage-1-9ed30b.jpg,9,Women Floral Embroidered Net Saree with Scalloped Border,,
women-pastel-floral-embroidered-net-saree,,,,,,,,,,,,,,,,,,https://pub-1c439aae24bd4239bd4c425d68d03bfc.r2.dev/products/women-pastel-floral-embroidered-net-saree/mint-01-main-c4cd97.jpg,10,Women Floral Embroidered Net Saree with Scalloped Border,,
women-pastel-floral-embroidered-net-saree,,,,,,,,,,,,,,,,,,https://pub-1c439aae24bd4239bd4c425d68d03bfc.r2.dev/products/women-pastel-floral-embroidered-net-saree/mint-02-back-504ccb.jpg,11,Women Floral Embroidered Net Saree with Scalloped Border,,
women-pastel-floral-embroidered-net-saree,,,,,,,,,,,,,,,,,,https://pub-1c439aae24bd4239bd4c425d68d03bfc.r2.dev/products/women-pastel-floral-embroidered-net-saree/mint-x-collage-1-72fe2d.jpg,12,Women Floral Embroidered Net Saree with Scalloped Border,,
women-pastel-floral-embroidered-net-saree,,,,,,,,,,,,,,,,,,https://pub-1c439aae24bd4239bd4c425d68d03bfc.r2.dev/products/women-pastel-floral-embroidered-net-saree/sage-01-main-54f7f0.jpg,13,Women Floral Embroidered Net Saree with Scalloped Border,,
women-pastel-floral-embroidered-net-saree,,,,,,,,,,,,,,,,,,https://pub-1c439aae24bd4239bd4c425d68d03bfc.r2.dev/products/women-pastel-floral-embroidered-net-saree/sage-02-back-ce6a34.jpg,14,Women Floral Embroidered Net Saree with Scalloped Border,,
women-pastel-floral-embroidered-net-saree,,,,,,,,,,,,,,,,,,https://pub-1c439aae24bd4239bd4c425d68d03bfc.r2.dev/products/women-pastel-floral-embroidered-net-saree/sage-x-collage-1-c32b69.jpg,15,Women Floral Embroidered Net Saree with Scalloped Border,,
women-floral-embroidered-border-georgette-saree,Women Georgette Saree with Floral Embroidered Border and Running Blouse,"<p>Georgette saree with a colourful floral embroidered border running along the drape and pallu, finished with a matching embroidered running blouse. Soft, light and easy to drape — comfortable for long wear at weddings, receptions, festive evenings and family functions.</p>",HyraLuxe,Sarees,"Sarees, Georgette, Festive, Party, Migrated",TRUE,Colour,Mustard,HF-FLR-01-MUSTARD,shopify,10,deny,manual,1200.00,1999.00,TRUE,TRUE,https://pub-1c439aae24bd4239bd4c425d68d03bfc.r2.dev/products/women-floral-embroidered-border-georgette-saree/mustard-01-main-053440.jpg,1,Women Georgette Saree with Floral Embroidered Border and Running Blouse,https://pub-1c439aae24bd4239bd4c425d68d03bfc.r2.dev/products/women-floral-embroidered-border-georgette-saree/mustard-01-main-053440.jpg,active
women-floral-embroidered-border-georgette-saree,,,,,,,,Olive Green,HF-FLR-01-OLIVE,shopify,10,deny,manual,1200.00,1999.00,TRUE,TRUE,,,,https://pub-1c439aae24bd4239bd4c425d68d03bfc.r2.dev/products/women-floral-embroidered-border-georgette-saree/olive-01-main-74c6fa.jpg,
women-floral-embroidered-border-georgette-saree,,,,,,,,Purple,HF-FLR-01-PURPLE,shopify,10,deny,manual,1200.00,1999.00,TRUE,TRUE,,,,https://pub-1c439aae24bd4239bd4c425d68d03bfc.r2.dev/products/women-floral-embroidered-border-georgette-saree/purple-01-main-896b27.jpg,
women-floral-embroidered-border-georgette-saree,,,,,,,,Teal,HF-FLR-01-TEAL,shopify,10,deny,manual,1200.00,1999.00,TRUE,TRUE,,,,https://pub-1c439aae24bd4239bd4c425d68d03bfc.r2.dev/products/women-floral-embroidered-border-georgette-saree/teal-01-main-1643e7.jpg,
women-floral-embroidered-border-georgette-saree,,,,,,,,Wine,HF-FLR-01-MAROON,shopify,10,deny,manual,1200.00,1999.00,TRUE,TRUE,,,,https://pub-1c439aae24bd4239bd4c425d68d03bfc.r2.dev/products/women-floral-embroidered-border-georgette-saree/maroon-01-main-5edbfe.jpg,
women-floral-embroidered-border-georgette-saree,,,,,,,,,,,,,,,,,,https://pub-1c439aae24bd4239bd4c425d68d03bfc.r2.dev/products/women-floral-embroidered-border-georgette-saree/mustard-02-back-e1f850.jpg,2,Women Georgette Saree with Floral Embroidered Border and Running Blouse,,
women-floral-embroidered-border-georgette-saree,,,,,,,,,,,,,,,,,,https://pub-1c439aae24bd4239bd4c425d68d03bfc.r2.dev/products/women-floral-embroidered-border-georgette-saree/mustard-x-collage-1-d5f951.jpg,3,Women Georgette Saree with Floral Embroidered Border and Running Blouse,,
women-floral-embroidered-border-georgette-saree,,,,,,,,,,,,,,,,,,https://pub-1c439aae24bd4239bd4c425d68d03bfc.r2.dev/products/women-floral-embroidered-border-georgette-saree/olive-01-main-74c6fa.jpg,4,Women Georgette Saree with Floral Embroidered Border and Running Blouse,,
women-floral-embroidered-border-georgette-saree,,,,,,,,,,,,,,,,,,https://pub-1c439aae24bd4239bd4c425d68d03bfc.r2.dev/products/women-floral-embroidered-border-georgette-saree/olive-02-back-cb6db9.jpg,5,Women Georgette Saree with Floral Embroidered Border and Running Blouse,,
women-floral-embroidered-border-georgette-saree,,,,,,,,,,,,,,,,,,https://pub-1c439aae24bd4239bd4c425d68d03bfc.r2.dev/products/women-floral-embroidered-border-georgette-saree/olive-x-collage-1-5ac187.jpg,6,Women Georgette Saree with Floral Embroidered Border and Running Blouse,,
women-floral-embroidered-border-georgette-saree,,,,,,,,,,,,,,,,,,https://pub-1c439aae24bd4239bd4c425d68d03bfc.r2.dev/products/women-floral-embroidered-border-georgette-saree/purple-01-main-896b27.jpg,7,Women Georgette Saree with Floral Embroidered Border and Running Blouse,,
women-floral-embroidered-border-georgette-saree,,,,,,,,,,,,,,,,,,https://pub-1c439aae24bd4239bd4c425d68d03bfc.r2.dev/products/women-floral-embroidered-border-georgette-saree/purple-02-back-8f2ac5.jpg,8,Women Georgette Saree with Floral Embroidered Border and Running Blouse,,
women-floral-embroidered-border-georgette-saree,,,,,,,,,,,,,,,,,,https://pub-1c439aae24bd4239bd4c425d68d03bfc.r2.dev/products/women-floral-embroidered-border-georgette-saree/purple-x-collage-1-32450b.jpg,9,Women Georgette Saree with Floral Embroidered Border and Running Blouse,,
women-floral-embroidered-border-georgette-saree,,,,,,,,,,,,,,,,,,https://pub-1c439aae24bd4239bd4c425d68d03bfc.r2.dev/products/women-floral-embroidered-border-georgette-saree/teal-01-main-1643e7.jpg,10,Women Georgette Saree with Floral Embroidered Border and Running Blouse,,
women-floral-embroidered-border-georgette-saree,,,,,,,,,,,,,,,,,,https://pub-1c439aae24bd4239bd4c425d68d03bfc.r2.dev/products/women-floral-embroidered-border-georgette-saree/teal-02-back-03d462.jpg,11,Women Georgette Saree with Floral Embroidered Border and Running Blouse,,
women-floral-embroidered-border-georgette-saree,,,,,,,,,,,,,,,,,,https://pub-1c439aae24bd4239bd4c425d68d03bfc.r2.dev/products/women-floral-embroidered-border-georgette-saree/teal-x-collage-1-9801f3.jpg,12,Women Georgette Saree with Floral Embroidered Border and Running Blouse,,
women-floral-embroidered-border-georgette-saree,,,,,,,,,,,,,,,,,,https://pub-1c439aae24bd4239bd4c425d68d03bfc.r2.dev/products/women-floral-embroidered-border-georgette-saree/maroon-01-main-5edbfe.jpg,13,Women Georgette Saree with Floral Embroidered Border and Running Blouse,,
women-floral-embroidered-border-georgette-saree,,,,,,,,,,,,,,,,,,https://pub-1c439aae24bd4239bd4c425d68d03bfc.r2.dev/products/women-floral-embroidered-border-georgette-saree/maroon-02-back-d21c3a.jpg,14,Women Georgette Saree with Floral Embroidered Border and Running Blouse,,
women-floral-embroidered-border-georgette-saree,,,,,,,,,,,,,,,,,,https://pub-1c439aae24bd4239bd4c425d68d03bfc.r2.dev/products/women-floral-embroidered-border-georgette-saree/maroon-x-collage-1-6faf01.jpg,15,Women Georgette Saree with Floral Embroidered Border and Running Blouse,,
women-pearl-embellished-net-saree,Women Pearl Embellished Net Saree with Scalloped Pearl Border,"<p>Saree in a fine net with pearl and bead vines curving across the drape and pallu, edged all round with a scalloped pearl-drop border. Comes with a matching unstitched blouse piece. The lightest drape in the range and the most ornamented — made for receptions, sangeets and evening functions.</p>",HyraLuxe,Sarees,"Sarees, Net, Festive, Party, Migrated",TRUE,Colour,Baby Pink,HF-PRL-01-BABYPINK,shopify,2,deny,manual,1499.00,2999.00,TRUE,TRUE,https://pub-1c439aae24bd4239bd4c425d68d03bfc.r2.dev/products/women-pearl-sequin-embellished-net-saree/baby-pink-01-main-4328f4.jpg,1,Women Pearl Embellished Net Saree with Scalloped Pearl Border,https://pub-1c439aae24bd4239bd4c425d68d03bfc.r2.dev/products/women-pearl-sequin-embellished-net-saree/baby-pink-01-main-4328f4.jpg,active
women-pearl-embellished-net-saree,,,,,,,,Lavender,HF-PRL-01-LAVENDER,shopify,2,deny,manual,1499.00,2999.00,TRUE,TRUE,,,,https://pub-1c439aae24bd4239bd4c425d68d03bfc.r2.dev/products/women-pearl-sequin-embellished-net-saree/lavender-01-main-e8c16b.jpg,
women-pearl-embellished-net-saree,,,,,,,,Pista Green,HF-PRL-01-PISTAGREEN,shopify,2,deny,manual,1499.00,2999.00,TRUE,TRUE,,,,https://pub-1c439aae24bd4239bd4c425d68d03bfc.r2.dev/products/women-pearl-sequin-embellished-net-saree/pista-green-01-main-332081.jpg,
women-pearl-embellished-net-saree,,,,,,,,Powder Blue,HF-PRL-01-POWDERBLUE,shopify,2,deny,manual,1499.00,2999.00,TRUE,TRUE,,,,https://pub-1c439aae24bd4239bd4c425d68d03bfc.r2.dev/products/women-pearl-sequin-embellished-net-saree/powder-blue-01-main-878e6f.jpg,
women-pearl-embellished-net-saree,,,,,,,,White,HF-PRL-01-WHITE,shopify,2,deny,manual,1499.00,2999.00,TRUE,TRUE,,,,https://pub-1c439aae24bd4239bd4c425d68d03bfc.r2.dev/products/women-pearl-sequin-embellished-net-saree/white-01-main-f6f175.jpg,
women-pearl-embellished-net-saree,,,,,,,,,,,,,,,,,,https://pub-1c439aae24bd4239bd4c425d68d03bfc.r2.dev/products/women-pearl-sequin-embellished-net-saree/baby-pink-02-back-1ccc28.jpg,2,Women Pearl Embellished Net Saree with Scalloped Pearl Border,,
women-pearl-embellished-net-saree,,,,,,,,,,,,,,,,,,https://pub-1c439aae24bd4239bd4c425d68d03bfc.r2.dev/products/women-pearl-sequin-embellished-net-saree/lavender-01-main-e8c16b.jpg,3,Women Pearl Embellished Net Saree with Scalloped Pearl Border,,
women-pearl-embellished-net-saree,,,,,,,,,,,,,,,,,,https://pub-1c439aae24bd4239bd4c425d68d03bfc.r2.dev/products/women-pearl-sequin-embellished-net-saree/lavender-02-back-3a44ed.jpg,4,Women Pearl Embellished Net Saree with Scalloped Pearl Border,,
women-pearl-embellished-net-saree,,,,,,,,,,,,,,,,,,https://pub-1c439aae24bd4239bd4c425d68d03bfc.r2.dev/products/women-pearl-sequin-embellished-net-saree/pista-green-01-main-332081.jpg,5,Women Pearl Embellished Net Saree with Scalloped Pearl Border,,
women-pearl-embellished-net-saree,,,,,,,,,,,,,,,,,,https://pub-1c439aae24bd4239bd4c425d68d03bfc.r2.dev/products/women-pearl-sequin-embellished-net-saree/pista-green-02-back-5aba76.jpg,6,Women Pearl Embellished Net Saree with Scalloped Pearl Border,,
women-pearl-embellished-net-saree,,,,,,,,,,,,,,,,,,https://pub-1c439aae24bd4239bd4c425d68d03bfc.r2.dev/products/women-pearl-sequin-embellished-net-saree/powder-blue-01-main-878e6f.jpg,7,Women Pearl Embellished Net Saree with Scalloped Pearl Border,,
women-pearl-embellished-net-saree,,,,,,,,,,,,,,,,,,https://pub-1c439aae24bd4239bd4c425d68d03bfc.r2.dev/products/women-pearl-sequin-embellished-net-saree/powder-blue-x-collage-1-ae91bf.jpg,8,Women Pearl Embellished Net Saree with Scalloped Pearl Border,,
women-pearl-embellished-net-saree,,,,,,,,,,,,,,,,,,https://pub-1c439aae24bd4239bd4c425d68d03bfc.r2.dev/products/women-pearl-sequin-embellished-net-saree/white-01-main-f6f175.jpg,9,Women Pearl Embellished Net Saree with Scalloped Pearl Border,,
women-pearl-embellished-net-saree,,,,,,,,,,,,,,,,,,https://pub-1c439aae24bd4239bd4c425d68d03bfc.r2.dev/products/women-pearl-sequin-embellished-net-saree/white-x-collage-1-64c9d1.jpg,10,Women Pearl Embellished Net Saree with Scalloped Pearl Border,,
women-metallic-zari-striped-cutwork-border-saree,Women Metallic Zari Striped Saree with Embroidered Cutwork Border,"<p>Saree in a shimmering tissue with bold metallic zari stripes running across the drape and pallu, finished with embroidered cutwork on the border and a fine beaded edge. Comes with a matching unstitched blouse piece. Drapes smoothly and catches the light — a graceful pick for weddings, receptions and festive evenings.</p>",HyraLuxe,Sarees,"Sarees, Tissue, Festive, Party, Migrated",TRUE,Colour,Bottle Green,HF-STR-01-GREEN,shopify,2,deny,manual,799.00,1299.00,TRUE,TRUE,https://pub-1c439aae24bd4239bd4c425d68d03bfc.r2.dev/products/women-metallic-zari-striped-cutwork-border-saree/green-01-main-fc75a3.jpg,1,Women Metallic Zari Striped Saree with Embroidered Cutwork Border,https://pub-1c439aae24bd4239bd4c425d68d03bfc.r2.dev/products/women-metallic-zari-striped-cutwork-border-saree/green-01-main-fc75a3.jpg,active
women-metallic-zari-striped-cutwork-border-saree,,,,,,,,Maroon,HF-STR-01-MAROON,shopify,2,deny,manual,799.00,1299.00,TRUE,TRUE,,,,https://pub-1c439aae24bd4239bd4c425d68d03bfc.r2.dev/products/women-metallic-zari-striped-cutwork-border-saree/maroon-01-main-39a824.jpg,
women-metallic-zari-striped-cutwork-border-saree,,,,,,,,Navy Blue,HF-STR-01-NAVY,shopify,2,deny,manual,799.00,1299.00,TRUE,TRUE,,,,https://pub-1c439aae24bd4239bd4c425d68d03bfc.r2.dev/products/women-metallic-zari-striped-cutwork-border-saree/navy-01-main-80adc0.jpg,
women-metallic-zari-striped-cutwork-border-saree,,,,,,,,Olive,HF-STR-01-OLIVE,shopify,2,deny,manual,799.00,1299.00,TRUE,TRUE,,,,https://pub-1c439aae24bd4239bd4c425d68d03bfc.r2.dev/products/women-metallic-zari-striped-cutwork-border-saree/olive-01-main-086885.jpg,
women-metallic-zari-striped-cutwork-border-saree,,,,,,,,Purple,HF-STR-01-PURPLE,shopify,2,deny,manual,799.00,1299.00,TRUE,TRUE,,,,https://pub-1c439aae24bd4239bd4c425d68d03bfc.r2.dev/products/women-metallic-zari-striped-cutwork-border-saree/purple-01-main-f22e17.jpg,
women-metallic-zari-striped-cutwork-border-saree,,,,,,,,,,,,,,,,,,https://pub-1c439aae24bd4239bd4c425d68d03bfc.r2.dev/products/women-metallic-zari-striped-cutwork-border-saree/green-02-back-20c4b6.jpg,2,Women Metallic Zari Striped Saree with Embroidered Cutwork Border,,
women-metallic-zari-striped-cutwork-border-saree,,,,,,,,,,,,,,,,,,https://pub-1c439aae24bd4239bd4c425d68d03bfc.r2.dev/products/women-metallic-zari-striped-cutwork-border-saree/maroon-01-main-39a824.jpg,3,Women Metallic Zari Striped Saree with Embroidered Cutwork Border,,
women-metallic-zari-striped-cutwork-border-saree,,,,,,,,,,,,,,,,,,https://pub-1c439aae24bd4239bd4c425d68d03bfc.r2.dev/products/women-metallic-zari-striped-cutwork-border-saree/maroon-02-back-b99508.jpg,4,Women Metallic Zari Striped Saree with Embroidered Cutwork Border,,
women-metallic-zari-striped-cutwork-border-saree,,,,,,,,,,,,,,,,,,https://pub-1c439aae24bd4239bd4c425d68d03bfc.r2.dev/products/women-metallic-zari-striped-cutwork-border-saree/navy-01-main-80adc0.jpg,5,Women Metallic Zari Striped Saree with Embroidered Cutwork Border,,
women-metallic-zari-striped-cutwork-border-saree,,,,,,,,,,,,,,,,,,https://pub-1c439aae24bd4239bd4c425d68d03bfc.r2.dev/products/women-metallic-zari-striped-cutwork-border-saree/navy-02-back-ed0b8a.jpg,6,Women Metallic Zari Striped Saree with Embroidered Cutwork Border,,
women-metallic-zari-striped-cutwork-border-saree,,,,,,,,,,,,,,,,,,https://pub-1c439aae24bd4239bd4c425d68d03bfc.r2.dev/products/women-metallic-zari-striped-cutwork-border-saree/olive-01-main-086885.jpg,7,Women Metallic Zari Striped Saree with Embroidered Cutwork Border,,
women-metallic-zari-striped-cutwork-border-saree,,,,,,,,,,,,,,,,,,https://pub-1c439aae24bd4239bd4c425d68d03bfc.r2.dev/products/women-metallic-zari-striped-cutwork-border-saree/olive-02-back-313710.jpg,8,Women Metallic Zari Striped Saree with Embroidered Cutwork Border,,
women-metallic-zari-striped-cutwork-border-saree,,,,,,,,,,,,,,,,,,https://pub-1c439aae24bd4239bd4c425d68d03bfc.r2.dev/products/women-metallic-zari-striped-cutwork-border-saree/purple-01-main-f22e17.jpg,9,Women Metallic Zari Striped Saree with Embroidered Cutwork Border,,
women-metallic-zari-striped-cutwork-border-saree,,,,,,,,,,,,,,,,,,https://pub-1c439aae24bd4239bd4c425d68d03bfc.r2.dev/products/women-metallic-zari-striped-cutwork-border-saree/purple-02-back-a055d1.jpg,10,Women Metallic Zari Striped Saree with Embroidered Cutwork Border,,
women-cutwork-embroidered-border-georgette-saree,Women Georgette Saree with Heavy Cutwork Embroidered Border,"<p>Traditional saree in a soft georgette with fine self butis across the drape, finished with a heavy cutwork embroidered border and a scalloped pearl edge. Comes with a matching unstitched blouse piece. Light to carry and easy to drape — a graceful pick for parties, festive evenings, receptions and family functions.</p>",HyraLuxe,Sarees,"Sarees, Georgette, Festive, Party, Migrated",TRUE,Colour,Blue,HF-CUT-01-BLUE,shopify,2,deny,manual,799.00,1299.00,TRUE,TRUE,https://pub-1c439aae24bd4239bd4c425d68d03bfc.r2.dev/products/women-cutwork-embroidered-border-georgette-saree/blue-01-main-0d2398.jpg,1,Women Georgette Saree with Heavy Cutwork Embroidered Border,https://pub-1c439aae24bd4239bd4c425d68d03bfc.r2.dev/products/women-cutwork-embroidered-border-georgette-saree/blue-01-main-0d2398.jpg,active
women-cutwork-embroidered-border-georgette-saree,,,,,,,,Lavender,HF-CUT-01-LILAC,shopify,2,deny,manual,799.00,1299.00,TRUE,TRUE,,,,https://pub-1c439aae24bd4239bd4c425d68d03bfc.r2.dev/products/women-cutwork-embroidered-border-georgette-saree/lilac-01-main-df740d.jpg,
women-cutwork-embroidered-border-georgette-saree,,,,,,,,Mehendi Green,HF-CUT-01-MEHENDI,shopify,2,deny,manual,799.00,1299.00,TRUE,TRUE,,,,https://pub-1c439aae24bd4239bd4c425d68d03bfc.r2.dev/products/women-cutwork-embroidered-border-georgette-saree/mehendi-01-main-8cb676.jpg,
women-cutwork-embroidered-border-georgette-saree,,,,,,,,Sage Green,HF-CUT-01-SAGE,shopify,2,deny,manual,799.00,1299.00,TRUE,TRUE,,,,https://pub-1c439aae24bd4239bd4c425d68d03bfc.r2.dev/products/women-cutwork-embroidered-border-georgette-saree/sage-01-main-d3235d.jpg,
women-cutwork-embroidered-border-georgette-saree,,,,,,,,Warm Red,HF-CUT-01-CORAL,shopify,2,deny,manual,799.00,1299.00,TRUE,TRUE,,,,https://pub-1c439aae24bd4239bd4c425d68d03bfc.r2.dev/products/women-cutwork-embroidered-border-georgette-saree/coral-01-main-3bddc1.jpg,
women-cutwork-embroidered-border-georgette-saree,,,,,,,,,,,,,,,,,,https://pub-1c439aae24bd4239bd4c425d68d03bfc.r2.dev/products/women-cutwork-embroidered-border-georgette-saree/blue-02-side-e226de.jpg,2,Women Georgette Saree with Heavy Cutwork Embroidered Border,,
women-cutwork-embroidered-border-georgette-saree,,,,,,,,,,,,,,,,,,https://pub-1c439aae24bd4239bd4c425d68d03bfc.r2.dev/products/women-cutwork-embroidered-border-georgette-saree/blue-03-back-4b05f1.jpg,3,Women Georgette Saree with Heavy Cutwork Embroidered Border,,
women-cutwork-embroidered-border-georgette-saree,,,,,,,,,,,,,,,,,,https://pub-1c439aae24bd4239bd4c425d68d03bfc.r2.dev/products/women-cutwork-embroidered-border-georgette-saree/lilac-01-main-df740d.jpg,4,Women Georgette Saree with Heavy Cutwork Embroidered Border,,
women-cutwork-embroidered-border-georgette-saree,,,,,,,,,,,,,,,,,,https://pub-1c439aae24bd4239bd4c425d68d03bfc.r2.dev/products/women-cutwork-embroidered-border-georgette-saree/lilac-02-back-ed4a25.jpg,5,Women Georgette Saree with Heavy Cutwork Embroidered Border,,
women-cutwork-embroidered-border-georgette-saree,,,,,,,,,,,,,,,,,,https://pub-1c439aae24bd4239bd4c425d68d03bfc.r2.dev/products/women-cutwork-embroidered-border-georgette-saree/mehendi-01-main-8cb676.jpg,6,Women Georgette Saree with Heavy Cutwork Embroidered Border,,
women-cutwork-embroidered-border-georgette-saree,,,,,,,,,,,,,,,,,,https://pub-1c439aae24bd4239bd4c425d68d03bfc.r2.dev/products/women-cutwork-embroidered-border-georgette-saree/mehendi-02-back-5afdc7.jpg,7,Women Georgette Saree with Heavy Cutwork Embroidered Border,,
women-cutwork-embroidered-border-georgette-saree,,,,,,,,,,,,,,,,,,https://pub-1c439aae24bd4239bd4c425d68d03bfc.r2.dev/products/women-cutwork-embroidered-border-georgette-saree/sage-01-main-d3235d.jpg,8,Women Georgette Saree with Heavy Cutwork Embroidered Border,,
women-cutwork-embroidered-border-georgette-saree,,,,,,,,,,,,,,,,,,https://pub-1c439aae24bd4239bd4c425d68d03bfc.r2.dev/products/women-cutwork-embroidered-border-georgette-saree/sage-02-back-fe86a8.jpg,9,Women Georgette Saree with Heavy Cutwork Embroidered Border,,
women-cutwork-embroidered-border-georgette-saree,,,,,,,,,,,,,,,,,,https://pub-1c439aae24bd4239bd4c425d68d03bfc.r2.dev/products/women-cutwork-embroidered-border-georgette-saree/coral-01-main-3bddc1.jpg,10,Women Georgette Saree with Heavy Cutwork Embroidered Border,,
women-cutwork-embroidered-border-georgette-saree,,,,,,,,,,,,,,,,,,https://pub-1c439aae24bd4239bd4c425d68d03bfc.r2.dev/products/women-cutwork-embroidered-border-georgette-saree/coral-02-back-294e25.jpg,11,Women Georgette Saree with Heavy Cutwork Embroidered Border,,
women-traditional-peacock-zari-cotton-tissue-saree,Women Traditional Peacock Zari Woven Cotton Tissue Saree with Tassels,"<p>Traditional saree in a soft cotton tissue with a fine self-woven texture, a zari woven floral and peacock pallu, matching zari borders and tassel latkans along the edge. Comes with a matching unstitched blouse piece. Light to carry and easy to drape — a graceful pick for festivals, poojas, weddings and family functions.</p>",HyraLuxe,Sarees,"Sarees, Cotton Tissue, Festive, Party, Migrated",TRUE,Colour,Maroon,HF-ZAR-01-MAROON,shopify,2,deny,manual,799.00,1499.00,TRUE,TRUE,https://pub-1c439aae24bd4239bd4c425d68d03bfc.r2.dev/products/women-traditional-peacock-zari-cotton-tissue-saree/maroon-01-main-0e110a.jpg,1,Women Traditional Peacock Zari Woven Cotton Tissue Saree with Tassels,https://pub-1c439aae24bd4239bd4c425d68d03bfc.r2.dev/products/women-traditional-peacock-zari-cotton-tissue-saree/maroon-01-main-0e110a.jpg,active
women-traditional-peacock-zari-cotton-tissue-saree,,,,,,,,Navy Blue,HF-ZAR-01-NAVY,shopify,2,deny,manual,799.00,1499.00,TRUE,TRUE,,,,https://pub-1c439aae24bd4239bd4c425d68d03bfc.r2.dev/products/women-traditional-peacock-zari-cotton-tissue-saree/navy-01-main-e0a18d.jpg,
women-traditional-peacock-zari-cotton-tissue-saree,,,,,,,,Purple,HF-ZAR-01-PURPLE,shopify,2,deny,manual,799.00,1499.00,TRUE,TRUE,,,,https://pub-1c439aae24bd4239bd4c425d68d03bfc.r2.dev/products/women-traditional-peacock-zari-cotton-tissue-saree/purple-01-main-03d47c.jpg,
women-traditional-peacock-zari-cotton-tissue-saree,,,,,,,,Teal,HF-ZAR-01-TEAL,shopify,2,deny,manual,799.00,1499.00,TRUE,TRUE,,,,https://pub-1c439aae24bd4239bd4c425d68d03bfc.r2.dev/products/women-traditional-peacock-zari-cotton-tissue-saree/teal-01-main-859e9a.jpg,
women-traditional-peacock-zari-cotton-tissue-saree,,,,,,,,,,,,,,,,,,https://pub-1c439aae24bd4239bd4c425d68d03bfc.r2.dev/products/women-traditional-peacock-zari-cotton-tissue-saree/maroon-02-front2-31f16d.jpg,2,Women Traditional Peacock Zari Woven Cotton Tissue Saree with Tassels,,
women-traditional-peacock-zari-cotton-tissue-saree,,,,,,,,,,,,,,,,,,https://pub-1c439aae24bd4239bd4c425d68d03bfc.r2.dev/products/women-traditional-peacock-zari-cotton-tissue-saree/maroon-03-back-ec981f.jpg,3,Women Traditional Peacock Zari Woven Cotton Tissue Saree with Tassels,,
women-traditional-peacock-zari-cotton-tissue-saree,,,,,,,,,,,,,,,,,,https://pub-1c439aae24bd4239bd4c425d68d03bfc.r2.dev/products/women-traditional-peacock-zari-cotton-tissue-saree/maroon-04-back2-051aa0.jpg,4,Women Traditional Peacock Zari Woven Cotton Tissue Saree with Tassels,,
women-traditional-peacock-zari-cotton-tissue-saree,,,,,,,,,,,,,,,,,,https://pub-1c439aae24bd4239bd4c425d68d03bfc.r2.dev/products/women-traditional-peacock-zari-cotton-tissue-saree/maroon-x-collage-1-abd695.jpg,5,Women Traditional Peacock Zari Woven Cotton Tissue Saree with Tassels,,
women-traditional-peacock-zari-cotton-tissue-saree,,,,,,,,,,,,,,,,,,https://pub-1c439aae24bd4239bd4c425d68d03bfc.r2.dev/products/women-traditional-peacock-zari-cotton-tissue-saree/navy-01-main-e0a18d.jpg,6,Women Traditional Peacock Zari Woven Cotton Tissue Saree with Tassels,,
women-traditional-peacock-zari-cotton-tissue-saree,,,,,,,,,,,,,,,,,,https://pub-1c439aae24bd4239bd4c425d68d03bfc.r2.dev/products/women-traditional-peacock-zari-cotton-tissue-saree/navy-02-side-19aa98.jpg,7,Women Traditional Peacock Zari Woven Cotton Tissue Saree with Tassels,,
women-traditional-peacock-zari-cotton-tissue-saree,,,,,,,,,,,,,,,,,,https://pub-1c439aae24bd4239bd4c425d68d03bfc.r2.dev/products/women-traditional-peacock-zari-cotton-tissue-saree/navy-03-back-53222f.jpg,8,Women Traditional Peacock Zari Woven Cotton Tissue Saree with Tassels,,
women-traditional-peacock-zari-cotton-tissue-saree,,,,,,,,,,,,,,,,,,https://pub-1c439aae24bd4239bd4c425d68d03bfc.r2.dev/products/women-traditional-peacock-zari-cotton-tissue-saree/purple-01-main-03d47c.jpg,9,Women Traditional Peacock Zari Woven Cotton Tissue Saree with Tassels,,
women-traditional-peacock-zari-cotton-tissue-saree,,,,,,,,,,,,,,,,,,https://pub-1c439aae24bd4239bd4c425d68d03bfc.r2.dev/products/women-traditional-peacock-zari-cotton-tissue-saree/purple-02-side-bffef0.jpg,10,Women Traditional Peacock Zari Woven Cotton Tissue Saree with Tassels,,
women-traditional-peacock-zari-cotton-tissue-saree,,,,,,,,,,,,,,,,,,https://pub-1c439aae24bd4239bd4c425d68d03bfc.r2.dev/products/women-traditional-peacock-zari-cotton-tissue-saree/purple-03-back-2cbb24.jpg,11,Women Traditional Peacock Zari Woven Cotton Tissue Saree with Tassels,,
women-traditional-peacock-zari-cotton-tissue-saree,,,,,,,,,,,,,,,,,,https://pub-1c439aae24bd4239bd4c425d68d03bfc.r2.dev/products/women-traditional-peacock-zari-cotton-tissue-saree/teal-01-main-859e9a.jpg,12,Women Traditional Peacock Zari Woven Cotton Tissue Saree with Tassels,,
women-traditional-peacock-zari-cotton-tissue-saree,,,,,,,,,,,,,,,,,,https://pub-1c439aae24bd4239bd4c425d68d03bfc.r2.dev/products/women-traditional-peacock-zari-cotton-tissue-saree/teal-02-side-0a4d3b.jpg,13,Women Traditional Peacock Zari Woven Cotton Tissue Saree with Tassels,,
women-traditional-peacock-zari-cotton-tissue-saree,,,,,,,,,,,,,,,,,,https://pub-1c439aae24bd4239bd4c425d68d03bfc.r2.dev/products/women-traditional-peacock-zari-cotton-tissue-saree/teal-03-back-2ccc14.jpg,14,Women Traditional Peacock Zari Woven Cotton Tissue Saree with Tassels,,
women-mirror-sequin-embroidered-chiffon-saree,Women Mirror & Sequin Embroidered Saree with Heavy Blouse,"<p>Saree in a soft NC moss chiffon that falls light and drapes easily, dressed up with mirror and sequin embroidery along the border and scattered motifs across the drape and pallu. Comes with a heavily worked matching blouse piece. A shimmering, graceful pick for weddings, receptions, festive evenings and family functions.</p>",HyraLuxe,Sarees,"Sarees, NC Moss Chiffon, Festive, Party, Migrated",TRUE,Colour,Bottle Green,HF-MIR-01-BOTTLEGREEN,shopify,1,deny,manual,1699.00,2499.00,TRUE,TRUE,https://pub-1c439aae24bd4239bd4c425d68d03bfc.r2.dev/products/women-elegant-georgette-mirror-sequin-embroidered-saree/bottle-green-01-main-876a6c.jpg,1,Women Mirror & Sequin Embroidered Saree with Heavy Blouse,https://pub-1c439aae24bd4239bd4c425d68d03bfc.r2.dev/products/women-elegant-georgette-mirror-sequin-embroidered-saree/bottle-green-01-main-876a6c.jpg,active
women-mirror-sequin-embroidered-chiffon-saree,,,,,,,,Grey,HF-MIR-01-GREY,shopify,1,deny,manual,1699.00,2499.00,TRUE,TRUE,,,,https://pub-1c439aae24bd4239bd4c425d68d03bfc.r2.dev/products/women-elegant-georgette-mirror-sequin-embroidered-saree/grey-01-main-627357.jpg,
women-mirror-sequin-embroidered-chiffon-saree,,,,,,,,Mustard,HF-MIR-01-MUSTARD,shopify,1,deny,manual,1699.00,2499.00,TRUE,TRUE,,,,https://pub-1c439aae24bd4239bd4c425d68d03bfc.r2.dev/products/women-elegant-georgette-mirror-sequin-embroidered-saree/mustard-01-main-1a8659.jpg,
women-mirror-sequin-embroidered-chiffon-saree,,,,,,,,Olive,HF-MIR-01-OLIVE,shopify,1,deny,manual,1699.00,2499.00,TRUE,TRUE,,,,https://pub-1c439aae24bd4239bd4c425d68d03bfc.r2.dev/products/women-elegant-georgette-mirror-sequin-embroidered-saree/olive-01-main-b24243.jpg,
women-mirror-sequin-embroidered-chiffon-saree,,,,,,,,Rust,HF-MIR-01-RUST,shopify,1,deny,manual,1699.00,2499.00,TRUE,TRUE,,,,https://pub-1c439aae24bd4239bd4c425d68d03bfc.r2.dev/products/women-elegant-georgette-mirror-sequin-embroidered-saree/rust-01-main-f5a82c.jpg,
women-mirror-sequin-embroidered-chiffon-saree,,,,,,,,Wine,HF-MIR-01-WINE,shopify,1,deny,manual,1699.00,2499.00,TRUE,TRUE,,,,https://pub-1c439aae24bd4239bd4c425d68d03bfc.r2.dev/products/women-elegant-georgette-mirror-sequin-embroidered-saree/wine-01-main-730f39.jpg,
women-mirror-sequin-embroidered-chiffon-saree,,,,,,,,,,,,,,,,,,https://pub-1c439aae24bd4239bd4c425d68d03bfc.r2.dev/products/women-elegant-georgette-mirror-sequin-embroidered-saree/bottle-green-02-side-cd53c6.jpg,2,Women Mirror & Sequin Embroidered Saree with Heavy Blouse,,
women-mirror-sequin-embroidered-chiffon-saree,,,,,,,,,,,,,,,,,,https://pub-1c439aae24bd4239bd4c425d68d03bfc.r2.dev/products/women-elegant-georgette-mirror-sequin-embroidered-saree/bottle-green-03-back-6c8e6d.jpg,3,Women Mirror & Sequin Embroidered Saree with Heavy Blouse,,
women-mirror-sequin-embroidered-chiffon-saree,,,,,,,,,,,,,,,,,,https://pub-1c439aae24bd4239bd4c425d68d03bfc.r2.dev/products/women-elegant-georgette-mirror-sequin-embroidered-saree/grey-01-main-627357.jpg,4,Women Mirror & Sequin Embroidered Saree with Heavy Blouse,,
women-mirror-sequin-embroidered-chiffon-saree,,,,,,,,,,,,,,,,,,https://pub-1c439aae24bd4239bd4c425d68d03bfc.r2.dev/products/women-elegant-georgette-mirror-sequin-embroidered-saree/grey-02-back-f72ca8.jpg,5,Women Mirror & Sequin Embroidered Saree with Heavy Blouse,,
women-mirror-sequin-embroidered-chiffon-saree,,,,,,,,,,,,,,,,,,https://pub-1c439aae24bd4239bd4c425d68d03bfc.r2.dev/products/women-elegant-georgette-mirror-sequin-embroidered-saree/mustard-01-main-1a8659.jpg,6,Women Mirror & Sequin Embroidered Saree with Heavy Blouse,,
women-mirror-sequin-embroidered-chiffon-saree,,,,,,,,,,,,,,,,,,https://pub-1c439aae24bd4239bd4c425d68d03bfc.r2.dev/products/women-elegant-georgette-mirror-sequin-embroidered-saree/mustard-02-side-7f51e4.jpg,7,Women Mirror & Sequin Embroidered Saree with Heavy Blouse,,
women-mirror-sequin-embroidered-chiffon-saree,,,,,,,,,,,,,,,,,,https://pub-1c439aae24bd4239bd4c425d68d03bfc.r2.dev/products/women-elegant-georgette-mirror-sequin-embroidered-saree/mustard-03-back-197482.jpg,8,Women Mirror & Sequin Embroidered Saree with Heavy Blouse,,
women-mirror-sequin-embroidered-chiffon-saree,,,,,,,,,,,,,,,,,,https://pub-1c439aae24bd4239bd4c425d68d03bfc.r2.dev/products/women-elegant-georgette-mirror-sequin-embroidered-saree/olive-01-main-b24243.jpg,9,Women Mirror & Sequin Embroidered Saree with Heavy Blouse,,
women-mirror-sequin-embroidered-chiffon-saree,,,,,,,,,,,,,,,,,,https://pub-1c439aae24bd4239bd4c425d68d03bfc.r2.dev/products/women-elegant-georgette-mirror-sequin-embroidered-saree/olive-02-side-657bad.jpg,10,Women Mirror & Sequin Embroidered Saree with Heavy Blouse,,
women-mirror-sequin-embroidered-chiffon-saree,,,,,,,,,,,,,,,,,,https://pub-1c439aae24bd4239bd4c425d68d03bfc.r2.dev/products/women-elegant-georgette-mirror-sequin-embroidered-saree/olive-03-back-9e5cf9.jpg,11,Women Mirror & Sequin Embroidered Saree with Heavy Blouse,,
women-mirror-sequin-embroidered-chiffon-saree,,,,,,,,,,,,,,,,,,https://pub-1c439aae24bd4239bd4c425d68d03bfc.r2.dev/products/women-elegant-georgette-mirror-sequin-embroidered-saree/rust-01-main-f5a82c.jpg,12,Women Mirror & Sequin Embroidered Saree with Heavy Blouse,,
women-mirror-sequin-embroidered-chiffon-saree,,,,,,,,,,,,,,,,,,https://pub-1c439aae24bd4239bd4c425d68d03bfc.r2.dev/products/women-elegant-georgette-mirror-sequin-embroidered-saree/rust-02-back-93c568.jpg,13,Women Mirror & Sequin Embroidered Saree with Heavy Blouse,,
women-mirror-sequin-embroidered-chiffon-saree,,,,,,,,,,,,,,,,,,https://pub-1c439aae24bd4239bd4c425d68d03bfc.r2.dev/products/women-elegant-georgette-mirror-sequin-embroidered-saree/wine-01-main-730f39.jpg,14,Women Mirror & Sequin Embroidered Saree with Heavy Blouse,,
women-mirror-sequin-embroidered-chiffon-saree,,,,,,,,,,,,,,,,,,https://pub-1c439aae24bd4239bd4c425d68d03bfc.r2.dev/products/women-elegant-georgette-mirror-sequin-embroidered-saree/wine-02-back-6eab0f.jpg,15,Women Mirror & Sequin Embroidered Saree with Heavy Blouse,,
women-mirror-sequin-embroidered-chiffon-saree,,,,,,,,,,,,,,,,,,https://pub-1c439aae24bd4239bd4c425d68d03bfc.r2.dev/products/women-elegant-georgette-mirror-sequin-embroidered-saree/wine-03-back2-5a2e7b.jpg,16,Women Mirror & Sequin Embroidered Saree with Heavy Blouse,,
women-traditional-embroidered-fancy-saree-paisley-pallu,Women Traditional Embroidered Fancy Saree with Paisley Pallu & Designer Border,"<p>Traditional saree in a smooth art silk with colourful embroidered paisley butis scattered across the drape, a richly worked paisley motif on the pallu and a scalloped designer border. Comes with a matching unstitched blouse piece. Falls softly, drapes easily and carries its weight well — a graceful pick for weddings, festivals and family functions.</p>",HyraLuxe,Sarees,"Sarees, Art Silk, Festive, Party, Migrated",TRUE,Colour,Bottle Green,HF-PSL-01-DARKGREEN,shopify,12,deny,manual,1599.00,2499.00,TRUE,TRUE,https://pub-1c439aae24bd4239bd4c425d68d03bfc.r2.dev/products/women-traditional-embroidered-fancy-saree-paisley-pallu/dark-green-01-main-a79eaa.jpg,1,Women Traditional Embroidered Fancy Saree with Paisley Pallu & Designer Border,https://pub-1c439aae24bd4239bd4c425d68d03bfc.r2.dev/products/women-traditional-embroidered-fancy-saree-paisley-pallu/dark-green-01-main-a79eaa.jpg,active
women-traditional-embroidered-fancy-saree-paisley-pallu,,,,,,,,Mustard,HF-PSL-01-MUSTARD,shopify,12,deny,manual,1599.00,2499.00,TRUE,TRUE,,,,https://pub-1c439aae24bd4239bd4c425d68d03bfc.r2.dev/products/women-traditional-embroidered-fancy-saree-paisley-pallu/mustard-01-main-a781da.jpg,
women-traditional-embroidered-fancy-saree-paisley-pallu,,,,,,,,Purple,HF-PSL-01-PURPLE,shopify,12,deny,manual,1599.00,2499.00,TRUE,TRUE,,,,https://pub-1c439aae24bd4239bd4c425d68d03bfc.r2.dev/products/women-traditional-embroidered-fancy-saree-paisley-pallu/purple-01-main-471374.jpg,
women-traditional-embroidered-fancy-saree-paisley-pallu,,,,,,,,Rani Pink,HF-PSL-01-RANIPINK,shopify,12,deny,manual,1599.00,2499.00,TRUE,TRUE,,,,https://pub-1c439aae24bd4239bd4c425d68d03bfc.r2.dev/products/women-traditional-embroidered-fancy-saree-paisley-pallu/rani-pink-01-main-63382d.jpg,
women-traditional-embroidered-fancy-saree-paisley-pallu,,,,,,,,Royal Blue,HF-PSL-01-ROYALBLUE,shopify,12,deny,manual,1599.00,2499.00,TRUE,TRUE,,,,https://pub-1c439aae24bd4239bd4c425d68d03bfc.r2.dev/products/women-traditional-embroidered-fancy-saree-paisley-pallu/royal-blue-01-main-3a6568.jpg,
women-traditional-embroidered-fancy-saree-paisley-pallu,,,,,,,,Teal,HF-PSL-01-TEAL,shopify,12,deny,manual,1599.00,2499.00,TRUE,TRUE,,,,https://pub-1c439aae24bd4239bd4c425d68d03bfc.r2.dev/products/women-traditional-embroidered-fancy-saree-paisley-pallu/teal-01-main-dbd311.jpg,
women-traditional-embroidered-fancy-saree-paisley-pallu,,,,,,,,,,,,,,,,,,https://pub-1c439aae24bd4239bd4c425d68d03bfc.r2.dev/products/women-traditional-embroidered-fancy-saree-paisley-pallu/dark-green-02-back-f27b57.jpg,2,Women Traditional Embroidered Fancy Saree with Paisley Pallu & Designer Border,,
women-traditional-embroidered-fancy-saree-paisley-pallu,,,,,,,,,,,,,,,,,,https://pub-1c439aae24bd4239bd4c425d68d03bfc.r2.dev/products/women-traditional-embroidered-fancy-saree-paisley-pallu/mustard-01-main-a781da.jpg,3,Women Traditional Embroidered Fancy Saree with Paisley Pallu & Designer Border,,
women-traditional-embroidered-fancy-saree-paisley-pallu,,,,,,,,,,,,,,,,,,https://pub-1c439aae24bd4239bd4c425d68d03bfc.r2.dev/products/women-traditional-embroidered-fancy-saree-paisley-pallu/mustard-02-back-e6ec1a.jpg,4,Women Traditional Embroidered Fancy Saree with Paisley Pallu & Designer Border,,
women-traditional-embroidered-fancy-saree-paisley-pallu,,,,,,,,,,,,,,,,,,https://pub-1c439aae24bd4239bd4c425d68d03bfc.r2.dev/products/women-traditional-embroidered-fancy-saree-paisley-pallu/purple-01-main-471374.jpg,5,Women Traditional Embroidered Fancy Saree with Paisley Pallu & Designer Border,,
women-traditional-embroidered-fancy-saree-paisley-pallu,,,,,,,,,,,,,,,,,,https://pub-1c439aae24bd4239bd4c425d68d03bfc.r2.dev/products/women-traditional-embroidered-fancy-saree-paisley-pallu/purple-x-collage-1-9f2068.jpg,6,Women Traditional Embroidered Fancy Saree with Paisley Pallu & Designer Border,,
women-traditional-embroidered-fancy-saree-paisley-pallu,,,,,,,,,,,,,,,,,,https://pub-1c439aae24bd4239bd4c425d68d03bfc.r2.dev/products/women-traditional-embroidered-fancy-saree-paisley-pallu/rani-pink-01-main-63382d.jpg,7,Women Traditional Embroidered Fancy Saree with Paisley Pallu & Designer Border,,
women-traditional-embroidered-fancy-saree-paisley-pallu,,,,,,,,,,,,,,,,,,https://pub-1c439aae24bd4239bd4c425d68d03bfc.r2.dev/products/women-traditional-embroidered-fancy-saree-paisley-pallu/rani-pink-02-back-7f4fa0.jpg,8,Women Traditional Embroidered Fancy Saree with Paisley Pallu & Designer Border,,
women-traditional-embroidered-fancy-saree-paisley-pallu,,,,,,,,,,,,,,,,,,https://pub-1c439aae24bd4239bd4c425d68d03bfc.r2.dev/products/women-traditional-embroidered-fancy-saree-paisley-pallu/royal-blue-01-main-3a6568.jpg,9,Women Traditional Embroidered Fancy Saree with Paisley Pallu & Designer Border,,
women-traditional-embroidered-fancy-saree-paisley-pallu,,,,,,,,,,,,,,,,,,https://pub-1c439aae24bd4239bd4c425d68d03bfc.r2.dev/products/women-traditional-embroidered-fancy-saree-paisley-pallu/royal-blue-02-back-423350.jpg,10,Women Traditional Embroidered Fancy Saree with Paisley Pallu & Designer Border,,
women-traditional-embroidered-fancy-saree-paisley-pallu,,,,,,,,,,,,,,,,,,https://pub-1c439aae24bd4239bd4c425d68d03bfc.r2.dev/products/women-traditional-embroidered-fancy-saree-paisley-pallu/teal-01-main-dbd311.jpg,11,Women Traditional Embroidered Fancy Saree with Paisley Pallu & Designer Border,,
women-traditional-embroidered-fancy-saree-paisley-pallu,,,,,,,,,,,,,,,,,,https://pub-1c439aae24bd4239bd4c425d68d03bfc.r2.dev/products/women-traditional-embroidered-fancy-saree-paisley-pallu/teal-02-back-7e8da7.jpg,12,Women Traditional Embroidered Fancy Saree with Paisley Pallu & Designer Border,,
women-designer-peacock-digital-print-saree-rhinestone-work,Women Designer Peacock Digital Print Saree with Rhinestone Diamond Work,"<p>Designer saree in soft cotton silk with an all-over peacock and floral digital print, finished with delicate rhinestone diamond work along the border and pallu. Comes with a matching unstitched blouse piece. Light in weight, easy to drape and comfortable for long wear — a graceful pick for weddings, festivals, receptions and family functions.</p>",HyraLuxe,Sarees,"Sarees, Cotton Silk, Festive, Party, Migrated",TRUE,Colour,Beige,HF-PCK-01-BEIGE,shopify,10,deny,manual,1699.00,2499.00,TRUE,TRUE,https://pub-1c439aae24bd4239bd4c425d68d03bfc.r2.dev/products/women-designer-peacock-digital-print-saree-rhinestone-work/beige-01-main-a10133.jpg,1,Women Designer Peacock Digital Print Saree with Rhinestone Diamond Work,https://pub-1c439aae24bd4239bd4c425d68d03bfc.r2.dev/products/women-designer-peacock-digital-print-saree-rhinestone-work/beige-01-main-a10133.jpg,active
women-designer-peacock-digital-print-saree-rhinestone-work,,,,,,,,Blue,HF-PCK-01-BLUE,shopify,10,deny,manual,1699.00,2499.00,TRUE,TRUE,,,,https://pub-1c439aae24bd4239bd4c425d68d03bfc.r2.dev/products/women-designer-peacock-digital-print-saree-rhinestone-work/blue-01-main-be90fe.jpg,
women-designer-peacock-digital-print-saree-rhinestone-work,,,,,,,,Grey,HF-PCK-01-GREY,shopify,10,deny,manual,1699.00,2499.00,TRUE,TRUE,,,,https://pub-1c439aae24bd4239bd4c425d68d03bfc.r2.dev/products/women-designer-peacock-digital-print-saree-rhinestone-work/grey-01-main-ec4b6a.jpg,
women-designer-peacock-digital-print-saree-rhinestone-work,,,,,,,,Purple,HF-PCK-01-PURPLE,shopify,10,deny,manual,1699.00,2499.00,TRUE,TRUE,,,,https://pub-1c439aae24bd4239bd4c425d68d03bfc.r2.dev/products/women-designer-peacock-digital-print-saree-rhinestone-work/purple-01-main-bd3917.jpg,
women-designer-peacock-digital-print-saree-rhinestone-work,,,,,,,,Sea Green,HF-PCK-01-SEAGREEN,shopify,10,deny,manual,1699.00,2499.00,TRUE,TRUE,,,,https://pub-1c439aae24bd4239bd4c425d68d03bfc.r2.dev/products/women-designer-peacock-digital-print-saree-rhinestone-work/sea-green-01-main-430fe5.jpg,
women-designer-peacock-digital-print-saree-rhinestone-work,,,,,,,,Wine,HF-PCK-01-WINE,shopify,10,deny,manual,1699.00,2499.00,TRUE,TRUE,,,,https://pub-1c439aae24bd4239bd4c425d68d03bfc.r2.dev/products/women-designer-peacock-digital-print-saree-rhinestone-work/wine-01-main-170a6a.jpg,
women-designer-peacock-digital-print-saree-rhinestone-work,,,,,,,,,,,,,,,,,,https://pub-1c439aae24bd4239bd4c425d68d03bfc.r2.dev/products/women-designer-peacock-digital-print-saree-rhinestone-work/beige-02-side-7f9cfe.jpg,2,Women Designer Peacock Digital Print Saree with Rhinestone Diamond Work,,
women-designer-peacock-digital-print-saree-rhinestone-work,,,,,,,,,,,,,,,,,,https://pub-1c439aae24bd4239bd4c425d68d03bfc.r2.dev/products/women-designer-peacock-digital-print-saree-rhinestone-work/beige-03-back-96a918.jpg,3,Women Designer Peacock Digital Print Saree with Rhinestone Diamond Work,,
women-designer-peacock-digital-print-saree-rhinestone-work,,,,,,,,,,,,,,,,,,https://pub-1c439aae24bd4239bd4c425d68d03bfc.r2.dev/products/women-designer-peacock-digital-print-saree-rhinestone-work/beige-04-fabric-837865.jpg,4,Women Designer Peacock Digital Print Saree with Rhinestone Diamond Work,,
women-designer-peacock-digital-print-saree-rhinestone-work,,,,,,,,,,,,,,,,,,https://pub-1c439aae24bd4239bd4c425d68d03bfc.r2.dev/products/women-designer-peacock-digital-print-saree-rhinestone-work/blue-01-main-be90fe.jpg,5,Women Designer Peacock Digital Print Saree with Rhinestone Diamond Work,,
women-designer-peacock-digital-print-saree-rhinestone-work,,,,,,,,,,,,,,,,,,https://pub-1c439aae24bd4239bd4c425d68d03bfc.r2.dev/products/women-designer-peacock-digital-print-saree-rhinestone-work/blue-x-collage-1-963db4.jpg,6,Women Designer Peacock Digital Print Saree with Rhinestone Diamond Work,,
women-designer-peacock-digital-print-saree-rhinestone-work,,,,,,,,,,,,,,,,,,https://pub-1c439aae24bd4239bd4c425d68d03bfc.r2.dev/products/women-designer-peacock-digital-print-saree-rhinestone-work/blue-x-collage-2-81bc46.jpg,7,Women Designer Peacock Digital Print Saree with Rhinestone Diamond Work,,
women-designer-peacock-digital-print-saree-rhinestone-work,,,,,,,,,,,,,,,,,,https://pub-1c439aae24bd4239bd4c425d68d03bfc.r2.dev/products/women-designer-peacock-digital-print-saree-rhinestone-work/grey-01-main-ec4b6a.jpg,8,Women Designer Peacock Digital Print Saree with Rhinestone Diamond Work,,
women-designer-peacock-digital-print-saree-rhinestone-work,,,,,,,,,,,,,,,,,,https://pub-1c439aae24bd4239bd4c425d68d03bfc.r2.dev/products/women-designer-peacock-digital-print-saree-rhinestone-work/grey-02-side-456db3.jpg,9,Women Designer Peacock Digital Print Saree with Rhinestone Diamond Work,,
women-designer-peacock-digital-print-saree-rhinestone-work,,,,,,,,,,,,,,,,,,https://pub-1c439aae24bd4239bd4c425d68d03bfc.r2.dev/products/women-designer-peacock-digital-print-saree-rhinestone-work/grey-03-back-e0ee5e.jpg,10,Women Designer Peacock Digital Print Saree with Rhinestone Diamond Work,,
women-designer-peacock-digital-print-saree-rhinestone-work,,,,,,,,,,,,,,,,,,https://pub-1c439aae24bd4239bd4c425d68d03bfc.r2.dev/products/women-designer-peacock-digital-print-saree-rhinestone-work/purple-01-main-bd3917.jpg,11,Women Designer Peacock Digital Print Saree with Rhinestone Diamond Work,,
women-designer-peacock-digital-print-saree-rhinestone-work,,,,,,,,,,,,,,,,,,https://pub-1c439aae24bd4239bd4c425d68d03bfc.r2.dev/products/women-designer-peacock-digital-print-saree-rhinestone-work/purple-02-back-cd3780.jpg,12,Women Designer Peacock Digital Print Saree with Rhinestone Diamond Work,,
women-designer-peacock-digital-print-saree-rhinestone-work,,,,,,,,,,,,,,,,,,https://pub-1c439aae24bd4239bd4c425d68d03bfc.r2.dev/products/women-designer-peacock-digital-print-saree-rhinestone-work/purple-x-collage-1-c15d6f.jpg,13,Women Designer Peacock Digital Print Saree with Rhinestone Diamond Work,,
women-designer-peacock-digital-print-saree-rhinestone-work,,,,,,,,,,,,,,,,,,https://pub-1c439aae24bd4239bd4c425d68d03bfc.r2.dev/products/women-designer-peacock-digital-print-saree-rhinestone-work/sea-green-01-main-430fe5.jpg,14,Women Designer Peacock Digital Print Saree with Rhinestone Diamond Work,,
women-designer-peacock-digital-print-saree-rhinestone-work,,,,,,,,,,,,,,,,,,https://pub-1c439aae24bd4239bd4c425d68d03bfc.r2.dev/products/women-designer-peacock-digital-print-saree-rhinestone-work/sea-green-02-side-ac9ba9.jpg,15,Women Designer Peacock Digital Print Saree with Rhinestone Diamond Work,,
women-designer-peacock-digital-print-saree-rhinestone-work,,,,,,,,,,,,,,,,,,https://pub-1c439aae24bd4239bd4c425d68d03bfc.r2.dev/products/women-designer-peacock-digital-print-saree-rhinestone-work/sea-green-03-back-d0887a.jpg,16,Women Designer Peacock Digital Print Saree with Rhinestone Diamond Work,,
women-designer-peacock-digital-print-saree-rhinestone-work,,,,,,,,,,,,,,,,,,https://pub-1c439aae24bd4239bd4c425d68d03bfc.r2.dev/products/women-designer-peacock-digital-print-saree-rhinestone-work/sea-green-x-collage-1-1ef429.jpg,17,Women Designer Peacock Digital Print Saree with Rhinestone Diamond Work,,
women-designer-peacock-digital-print-saree-rhinestone-work,,,,,,,,,,,,,,,,,,https://pub-1c439aae24bd4239bd4c425d68d03bfc.r2.dev/products/women-designer-peacock-digital-print-saree-rhinestone-work/wine-01-main-170a6a.jpg,18,Women Designer Peacock Digital Print Saree with Rhinestone Diamond Work,,
women-designer-peacock-digital-print-saree-rhinestone-work,,,,,,,,,,,,,,,,,,https://pub-1c439aae24bd4239bd4c425d68d03bfc.r2.dev/products/women-designer-peacock-digital-print-saree-rhinestone-work/wine-02-back-073c1a.jpg,19,Women Designer Peacock Digital Print Saree with Rhinestone Diamond Work,,
